date,league,home_team,away_team,home_goals,away_goals
2023-08-11,E0,Burnley,Man City,0,3
2023-08-12,E0,Arsenal,Nott'm Forest,2,1
2023-08-12,E0,Bournemouth,West Ham,1,1
2023-08-12,E0,Brighton,Luton,4,1
2023-08-12,E0,Everton,Fulham,0,1
2023-08-12,E0,Sheffield United,Crystal Palace,0,1
2023-08-12,E0,Newcastle,Aston Villa,5,1
2023-08-13,E0,Brentford,Tottenham,2,2
2023-08-13,E0,Chelsea,Liverpool,1,1
2023-08-14,E0,Man United,Wolves,1,0
2023-08-18,E0,Nott'm Forest,Sheffield United,2,1
2023-08-19,E0,Fulham,Brentford,0,3
2023-08-19,E0,Liverpool,Bournemouth,3,1
2023-08-19,E0,Wolves,Brighton,1,4
2023-08-19,E0,Tottenham,Man United,2,0
2023-08-19,E0,Man City,Newcastle,1,0
2023-08-20,E0,Aston Villa,Everton,4,0
2023-08-20,E0,West Ham,Chelsea,3,1
2023-08-21,E0,Crystal Palace,Arsenal,0,1
2023-08-25,E0,Chelsea,Luton,3,0
2023-08-26,E0,Bournemouth,Tottenham,0,2
2023-08-26,E0,Arsenal,Fulham,2,2
2023-08-26,E0,Brentford,Crystal Palace,1,1
2023-08-26,E0,Everton,Wolves,0,1
2023-08-26,E0,Man United,Nott'm Forest,3,2
2023-08-26,E0,Brighton,West Ham,1,3
2023-08-27,E0,Burnley,Aston Villa,1,3
2023-08-27,E0,Sheffield United,Man City,1,2
2023-08-27,E0,Newcastle,Liverpool,1,2
2023-09-01,E0,Luton,West Ham,1,2
2023-09-02,E0,Sheffield United,Everton,2,2
2023-09-02,E0,Brentford,Bournemouth,2,2
2023-09-02,E0,Burnley,Tottenham,2,5
2023-09-02,E0,Chelsea,Nott'm Forest,0,1
2023-09-02,E0,Man City,Fulham,5,1
2023-09-02,E0,Brighton,Newcastle,3,1
2023-09-03,E0,Crystal Palace,Wolves,3,2
2023-09-03,E0,Liverpool,Aston Villa,3,0
2023-09-03,E0,Arsenal,Man United,3,1
2023-09-16,E0,Wolves,Liverpool,1,3
2023-09-16,E0,Aston Villa,Crystal Palace,3,1
2023-09-16,E0,Fulham,Luton,1,0
2023-09-16,E0,Man United,Brighton,1,3
2023-09-16,E0,Tottenham,Sheffield United,2,1
2023-09-16,E0,West Ham,Man City,1,3
2023-09-16,E0,Newcastle,Brentford,1,0
2023-09-17,E0,Bournemouth,Chelsea,0,0
2023-09-17,E0,Everton,Arsenal,0,1
2023-09-18,E0,Nott'm Forest,Burnley,1,1
2023-09-23,E0,Crystal Palace,Fulham,0,0
2023-09-23,E0,Luton,Wolves,1,1
2023-09-23,E0,Man City,Nott'm Forest,2,0
2023-09-23,E0,Brentford,Everton,1,3
2023-09-23,E0,Burnley,Man United,0,1
2023-09-24,E0,Arsenal,Tottenham,2,2
2023-09-24,E0,Brighton,Bournemouth,3,1
2023-09-24,E0,Chelsea,Aston Villa,0,1
2023-09-24,E0,Liverpool,West Ham,3,1
2023-09-24,E0,Sheffield United,Newcastle,0,8
2023-09-30,E0,Aston Villa,Brighton,6,1
2023-09-30,E0,Bournemouth,Arsenal,0,4
2023-09-30,E0,Everton,Luton,1,2
2023-09-30,E0,Man United,Crystal Palace,0,1
2023-09-30,E0,Newcastle,Burnley,2,0
2023-09-30,E0,West Ham,Sheffield United,2,0
2023-09-30,E0,Wolves,Man City,2,1
2023-09-30,E0,Tottenham,Liverpool,2,1
2023-10-01,E0,Nott'm Forest,Brentford,1,1
2023-10-02,E0,Fulham,Chelsea,0,2
2023-10-03,E0,Luton,Burnley,1,2
2023-10-07,E0,Luton,Tottenham,0,1
2023-10-07,E0,Burnley,Chelsea,1,4
2023-10-07,E0,Everton,Bournemouth,3,0
2023-10-07,E0,Fulham,Sheffield United,3,1
2023-10-07,E0,Man United,Brentford,2,1
2023-10-07,E0,Crystal Palace,Nott'm Forest,0,0
2023-10-08,E0,Brighton,Liverpool,2,2
2023-10-08,E0,West Ham,Newcastle,2,2
2023-10-08,E0,Wolves,Aston Villa,1,1
2023-10-08,E0,Arsenal,Man City,1,0
2023-10-21,E0,Liverpool,Everton,2,0
2023-10-21,E0,Bournemouth,Wolves,1,2
2023-10-21,E0,Brentford,Burnley,3,0
2023-10-21,E0,Man City,Brighton,2,1
2023-10-21,E0,Newcastle,Crystal Palace,4,0
2023-10-21,E0,Nott'm Forest,Luton,2,2
2023-10-21,E0,Chelsea,Arsenal,2,2
2023-10-21,E0,Sheffield United,Man United,1,2
2023-10-22,E0,Aston Villa,West Ham,4,1
2023-10-23,E0,Tottenham,Fulham,2,0
2023-10-27,E0,Crystal Palace,Tottenham,1,2
2023-10-28,E0,Chelsea,Brentford,0,2
2023-10-28,E0,Arsenal,Sheffield United,5,0
2023-10-28,E0,Bournemouth,Burnley,2,1
2023-10-28,E0,Wolves,Newcastle,2,2
2023-10-29,E0,West Ham,Everton,0,1
2023-10-29,E0,Aston Villa,Luton,3,1
2023-10-29,E0,Brighton,Fulham,1,1
2023-10-29,E0,Liverpool,Nott'm Forest,3,0
2023-10-29,E0,Man United,Man City,0,3
2023-11-04,E0,Fulham,Man United,0,1
2023-11-04,E0,Brentford,West Ham,3,2
2023-11-04,E0,Burnley,Crystal Palace,0,2
2023-11-04,E0,Everton,Brighton,1,1
2023-11-04,E0,Man City,Bournemouth,6,1
2023-11-04,E0,Sheffield United,Wolves,2,1
2023-11-04,E0,Newcastle,Arsenal,1,0
2023-11-05,E0,Nott'm Forest,Aston Villa,2,0
2023-11-05,E0,Luton,Liverpool,1,1
2023-11-06,E0,Tottenham,Chelsea,1,4
2023-11-11,E0,Wolves,Tottenham,2,1
2023-11-11,E0,Arsenal,Burnley,3,1
2023-11-11,E0,Crystal Palace,Everton,2,3
2023-11-11,E0,Man United,Luton,1,0
2023-11-11,E0,Bournemouth,Newcastle,2,0
2023-11-12,E0,Aston Villa,Fulham,3,1
2023-11-12,E0,Brighton,Sheffield United,1,1
2023-11-12,E0,Liverpool,Brentford,3,0
2023-11-12,E0,West Ham,Nott'm Forest,3,2
2023-11-12,E0,Chelsea,Man City,4,4
2023-11-25,E0,Man City,Liverpool,1,1
2023-11-25,E0,Burnley,West Ham,1,2
2023-11-25,E0,Luton,Crystal Palace,2,1
2023-11-25,E0,Newcastle,Chelsea,4,1
2023-11-25,E0,Nott'm Forest,Brighton,2,3
2023-11-25,E0,Sheffield United,Bournemouth,1,3
2023-11-25,E0,Brentford,Arsenal,0,1
2023-11-26,E0,Tottenham,Aston Villa,1,2
2023-11-26,E0,Everton,Man United,0,3
2023-11-27,E0,Fulham,Wolves,3,2
2023-12-02,E0,Arsenal,Wolves,2,1
2023-12-02,E0,Brentford,Luton,3,1
2023-12-02,E0,Burnley,Sheffield United,5,0
2023-12-02,E0,Nott'm Forest,Everton,0,1
2023-12-02,E0,Newcastle,Man United,1,0
2023-12-03,E0,Bournemouth,Aston Villa,2,2
2023-12-03,E0,Chelsea,Brighton,3,2
2023-12-03,E0,Liverpool,Fulham,4,3
2023-12-03,E0,West Ham,Crystal Palace,1,1
2023-12-03,E0,Man City,Tottenham,3,3
2023-12-05,E0,Wolves,Burnley,1,0
2023-12-05,E0,Luton,Arsenal,3,4
2023-12-06,E0,Brighton,Brentford,2,1
2023-12-06,E0,Crystal Palace,Bournemouth,0,2
2023-12-06,E0,Fulham,Nott'm Forest,5,0
2023-12-06,E0,Sheffield United,Liverpool,0,2
2023-12-06,E0,Aston Villa,Man City,1,0
2023-12-06,E0,Man United,Chelsea,2,1
2023-12-07,E0,Everton,Newcastle,3,0
2023-12-07,E0,Tottenham,West Ham,1,2
2023-12-09,E0,Crystal Palace,Liverpool,1,2
2023-12-09,E0,Brighton,Burnley,1,1
2023-12-09,E0,Man United,Bournemouth,0,3
2023-12-09,E0,Sheffield United,Brentford,1,0
2023-12-09,E0,Wolves,Nott'm Forest,1,1
2023-12-09,E0,Aston Villa,Arsenal,1,0
2023-12-10,E0,Everton,Chelsea,2,0
2023-12-10,E0,Fulham,West Ham,5,0
2023-12-10,E0,Luton,Man City,1,2
2023-12-10,E0,Tottenham,Newcastle,4,1
2023-12-15,E0,Nott'm Forest,Tottenham,0,2
2023-12-16,E0,Chelsea,Sheffield United,2,0
2023-12-16,E0,Man City,Crystal Palace,2,2
2023-12-16,E0,Newcastle,Fulham,3,0
2023-12-16,E0,Burnley,Everton,0,2
2023-12-17,E0,Arsenal,Brighton,2,0
2023-12-17,E0,Brentford,Aston Villa,1,2
2023-12-17,E0,West Ham,Wolves,3,0
2023-12-17,E0,Liverpool,Man United,0,0
2023-12-21,E0,Crystal Palace,Brighton,1,1
2023-12-22,E0,Aston Villa,Sheffield United,1,1
2023-12-23,E0,West Ham,Man United,2,0
2023-12-23,E0,Fulham,Burnley,0,2
2023-12-23,E0,Luton,Newcastle,1,0
2023-12-23,E0,Nott'm Forest,Bournemouth,2,3
2023-12-23,E0,Tottenham,Everton,2,1
2023-12-23,E0,Liverpool,Arsenal,1,1
2023-12-24,E0,Wolves,Chelsea,2,1
2023-12-26,E0,Newcastle,Nott'm Forest,1,3
2023-12-26,E0,Bournemouth,Fulham,3,0
2023-12-26,E0,Sheffield United,Luton,2,3
2023-12-26,E0,Burnley,Liverpool,0,2
2023-12-26,E0,Man United,Aston Villa,3,2
2023-12-27,E0,Brentford,Wolves,1,4
2023-12-27,E0,Chelsea,Crystal Palace,2,1
2023-12-27,E0,Everton,Man City,1,3
2023-12-28,E0,Brighton,Tottenham,4,2
2023-12-28,E0,Arsenal,West Ham,0,2
2023-12-30,E0,Luton,Chelsea,2,3
2023-12-30,E0,Aston Villa,Burnley,3,2
2023-12-30,E0,Crystal Palace,Brentford,3,1
2023-12-30,E0,Man City,Sheffield United,2,0
2023-12-30,E0,Wolves,Everton,3,0
2023-12-30,E0,Nott'm Forest,Man United,2,1
2023-12-31,E0,Fulham,Arsenal,2,1
2023-12-31,E0,Tottenham,Bournemouth,3,1
2024-01-01,E0,Liverpool,Newcastle,4,2
2024-01-02,E0,West Ham,Brighton,0,0
2024-01-12,E0,Burnley,Luton,1,1
2024-01-13,E0,Chelsea,Fulham,1,0
2024-01-13,E0,Newcastle,Man City,2,3
2024-01-14,E0,Everton,Aston Villa,0,0
2024-01-14,E0,Man United,Tottenham,2,2
2024-01-20,E0,Arsenal,Crystal Palace,5,0
2024-01-20,E0,Brentford,Nott'm Forest,3,2
2024-01-21,E0,Sheffield United,West Ham,2,2
2024-01-21,E0,Bournemouth,Liverpool,0,4
2024-01-22,E0,Brighton,Wolves,0,0
2024-01-30,E0,Nott'm Forest,Arsenal,1,2
2024-01-30,E0,Fulham,Everton,0,0
2024-01-30,E0,Luton,Brighton,4,0
2024-01-30,E0,Crystal Palace,Sheffield United,3,2
2024-01-30,E0,Aston Villa,Newcastle,1,3
2024-01-31,E0,Man City,Burnley,3,1
2024-01-31,E0,Tottenham,Brentford,3,2
2024-01-31,E0,Liverpool,Chelsea,4,1
2024-02-01,E0,West Ham,Bournemouth,1,1
2024-02-01,E0,Wolves,Man United,3,4
2024-02-03,E0,Everton,Tottenham,2,2
2024-02-03,E0,Brighton,Crystal Palace,4,1
2024-02-03,E0,Burnley,Fulham,2,2
2024-02-03,E0,Newcastle,Luton,4,4
2024-02-03,E0,Sheffield United,Aston Villa,0,5
2024-02-04,E0,Bournemouth,Nott'm Forest,1,1
2024-02-04,E0,Chelsea,Wolves,2,4
2024-02-04,E0,Man United,West Ham,3,0
2024-02-04,E0,Arsenal,Liverpool,3,1
2024-02-05,E0,Brentford,Man City,1,3
2024-02-10,E0,Man City,Everton,2,0
2024-02-10,E0,Fulham,Bournemouth,3,1
2024-02-10,E0,Liverpool,Burnley,3,1
2024-02-10,E0,Luton,Sheffield United,1,3
2024-02-10,E0,Tottenham,Brighton,2,1
2024-02-10,E0,Wolves,Brentford,0,2
2024-02-10,E0,Nott'm Forest,Newcastle,2,3
2024-02-11,E0,West Ham,Arsenal,0,6
2024-02-11,E0,Aston Villa,Man United,1,2
2024-02-12,E0,Crystal Palace,Chelsea,1,3
2024-02-17,E0,Brentford,Liverpool,1,4
2024-02-17,E0,Burnley,Arsenal,0,5
2024-02-17,E0,Fulham,Aston Villa,1,2
2024-02-17,E0,Newcastle,Bournemouth,2,2
2024-02-17,E0,Nott'm Forest,West Ham,2,0
2024-02-17,E0,Tottenham,Wolves,1,2
2024-02-17,E0,Man City,Chelsea,1,1
2024-02-18,E0,Sheffield United,Brighton,0,5
2024-02-18,E0,Luton,Man United,1,2
2024-02-19,E0,Everton,Crystal Palace,1,1
2024-02-20,E0,Man City,Brentford,1,0
2024-02-21,E0,Liverpool,Luton,4,1
2024-02-24,E0,Aston Villa,Nott'm Forest,4,2
2024-02-24,E0,Brighton,Everton,1,1
2024-02-24,E0,Crystal Palace,Burnley,3,0
2024-02-24,E0,Man United,Fulham,1,2
2024-02-24,E0,Bournemouth,Man City,0,1
2024-02-24,E0,Arsenal,Newcastle,4,1
2024-02-25,E0,Wolves,Sheffield United,1,0
2024-02-26,E0,West Ham,Brentford,4,2
2024-03-02,E0,Brentford,Chelsea,2,2
2024-03-02,E0,Everton,West Ham,1,3
2024-03-02,E0,Fulham,Brighton,3,0
2024-03-02,E0,Newcastle,Wolves,3,0
2024-03-02,E0,Nott'm Forest,Liverpool,0,1
2024-03-02,E0,Tottenham,Crystal Palace,3,1
2024-03-02,E0,Luton,Aston Villa,2,3
2024-03-03,E0,Burnley,Bournemouth,0,2
2024-03-03,E0,Man City,Man United,3,1
2024-03-04,E0,Sheffield United,Arsenal,0,6
2024-03-09,E0,Man United,Everton,2,0
2024-03-09,E0,Bournemouth,Sheffield United,2,2
2024-03-09,E0,Crystal Palace,Luton,1,1
2024-03-09,E0,Wolves,Fulham,2,1
2024-03-09,E0,Arsenal,Brentford,2,1
2024-03-10,E0,Aston Villa,Tottenham,0,4
2024-03-10,E0,Brighton,Nott'm Forest,1,0
2024-03-10,E0,West Ham,Burnley,2,2
2024-03-10,E0,Liverpool,Man City,1,1
2024-03-11,E0,Chelsea,Newcastle,3,2
2024-03-13,E0,Bournemouth,Luton,4,3
2024-03-16,E0,Burnley,Brentford,2,1
2024-03-16,E0,Luton,Nott'm Forest,1,1
2024-03-16,E0,Fulham,Tottenham,3,0
2024-03-17,E0,West Ham,Aston Villa,1,1
2024-03-30,E0,Newcastle,West Ham,4,3
2024-03-30,E0,Bournemouth,Everton,2,1
2024-03-30,E0,Chelsea,Burnley,2,2
2024-03-30,E0,Nott'm Forest,Crystal Palace,1,1
2024-03-30,E0,Sheffield United,Fulham,3,3
2024-03-30,E0,Tottenham,Luton,2,1
2024-03-30,E0,Aston Villa,Wolves,2,0
2024-03-30,E0,Brentford,Man United,1,1
2024-03-31,E0,Liverpool,Brighton,2,1
2024-03-31,E0,Man City,Arsenal,0,0
2024-04-02,E0,Newcastle,Everton,1,1
2024-04-02,E0,Nott'm Forest,Fulham,3,1
2024-04-02,E0,Bournemouth,Crystal Palace,1,0
2024-04-02,E0,Burnley,Wolves,1,1
2024-04-02,E0,West Ham,Tottenham,1,1
2024-04-03,E0,Arsenal,Luton,2,0
2024-04-03,E0,Brentford,Brighton,0,0
2024-04-03,E0,Man City,Aston Villa,4,1
2024-04-04,E0,Liverpool,Sheffield United,3,1
2024-04-04,E0,Chelsea,Man United,4,3
2024-04-06,E0,Crystal Palace,Man City,2,4
2024-04-06,E0,Aston Villa,Brentford,3,3
2024-04-06,E0,Everton,Burnley,1,0
2024-04-06,E0,Fulham,Newcastle,0,1
2024-04-06,E0,Luton,Bournemouth,2,1
2024-04-06,E0,Wolves,West Ham,1,2
2024-04-06,E0,Brighton,Arsenal,0,3
2024-04-07,E0,Man United,Liverpool,2,2
2024-04-07,E0,Sheffield United,Chelsea,2,2
2024-04-07,E0,Tottenham,Nott'm Forest,3,1
2024-04-13,E0,Newcastle,Tottenham,4,0
2024-04-13,E0,Brentford,Sheffield United,2,0
2024-04-13,E0,Burnley,Brighton,1,1
2024-04-13,E0,Man City,Luton,5,1
2024-04-13,E0,Nott'm Forest,Wolves,2,2
2024-04-13,E0,Bournemouth,Man United,2,2
2024-04-14,E0,Liverpool,Crystal Palace,0,1
2024-04-14,E0,West Ham,Fulham,0,2
2024-04-14,E0,Arsenal,Aston Villa,0,2
2024-04-15,E0,Chelsea,Everton,6,0
2024-04-20,E0,Luton,Brentford,1,5
2024-04-20,E0,Sheffield United,Burnley,1,4
2024-04-20,E0,Wolves,Arsenal,0,2
2024-04-21,E0,Everton,Nott'm Forest,2,0
2024-04-21,E0,Aston Villa,Bournemouth,3,1
2024-04-21,E0,Crystal Palace,West Ham,5,2
2024-04-21,E0,Fulham,Liverpool,1,3
2024-04-23,E0,Arsenal,Chelsea,5,0
2024-04-24,E0,Wolves,Bournemouth,0,1
2024-04-24,E0,Crystal Palace,Newcastle,2,0
2024-04-24,E0,Everton,Liverpool,2,0
2024-04-24,E0,Man United,Sheffield United,4,2
2024-04-25,E0,Brighton,Man City,0,4
2024-04-27,E0,West Ham,Liverpool,2,2
2024-04-27,E0,Fulham,Crystal Palace,1,1
2024-04-27,E0,Man United,Burnley,1,1
2024-04-27,E0,Newcastle,Sheffield United,5,1
2024-04-27,E0,Wolves,Luton,2,1
2024-04-27,E0,Everton,Brentford,1,0
2024-04-27,E0,Aston Villa,Chelsea,2,2
2024-04-28,E0,Bournemouth,Brighton,3,0
2024-04-28,E0,Tottenham,Arsenal,2,3
2024-04-28,E0,Nott'm Forest,Man City,0,2
2024-05-02,E0,Chelsea,Tottenham,2,0
2024-05-03,E0,Luton,Everton,1,1
2024-05-04,E0,Arsenal,Bournemouth,3,0
2024-05-04,E0,Brentford,Fulham,0,0
2024-05-04,E0,Burnley,Newcastle,1,4
2024-05-04,E0,Sheffield United,Nott'm Forest,1,3
2024-05-04,E0,Man City,Wolves,5,1
2024-05-05,E0,Brighton,Aston Villa,1,0
2024-05-05,E0,Chelsea,West Ham,5,0
2024-05-05,E0,Liverpool,Tottenham,4,2
2024-05-06,E0,Crystal Palace,Man United,4,0
2024-05-11,E0,Fulham,Man City,0,4
2024-05-11,E0,Bournemouth,Brentford,1,2
2024-05-11,E0,Everton,Sheffield United,1,0
2024-05-11,E0,Newcastle,Brighton,1,1
2024-05-11,E0,Tottenham,Burnley,2,1
2024-05-11,E0,West Ham,Luton,3,1
2024-05-11,E0,Wolves,Crystal Palace,1,3
2024-05-11,E0,Nott'm Forest,Chelsea,2,3
2024-05-12,E0,Man United,Arsenal,0,1
2024-05-13,E0,Aston Villa,Liverpool,3,3
2024-05-14,E0,Tottenham,Man City,0,2
2024-05-15,E0,Brighton,Chelsea,1,2
2024-05-15,E0,Man United,Newcastle,3,2
2024-05-19,E0,Arsenal,Everton,2,1
2024-05-19,E0,Brentford,Newcastle,2,4
2024-05-19,E0,Brighton,Man United,0,2
2024-05-19,E0,Burnley,Nott'm Forest,1,2
2024-05-19,E0,Chelsea,Bournemouth,2,1
2024-05-19,E0,Crystal Palace,Aston Villa,5,0
2024-05-19,E0,Liverpool,Wolves,2,0
2024-05-19,E0,Luton,Fulham,2,4
2024-05-19,E0,Man City,West Ham,3,1
2024-05-19,E0,Sheffield United,Tottenham,0,3
2024-08-16,E0,Man United,Fulham,1,0
2024-08-17,E0,Ipswich,Liverpool,0,2
2024-08-17,E0,Arsenal,Wolves,2,0
2024-08-17,E0,Everton,Brighton,0,3
2024-08-17,E0,Newcastle,Southampton,1,0
2024-08-17,E0,Nott'm Forest,Bournemouth,1,1
2024-08-17,E0,West Ham,Aston Villa,1,2
2024-08-18,E0,Brentford,Crystal Palace,2,1
2024-08-18,E0,Chelsea,Man City,0,2
2024-08-19,E0,Leicester,Tottenham,1,1
2024-08-24,E0,Brighton,Man United,2,1
2024-08-24,E0,Crystal Palace,West Ham,0,2
2024-08-24,E0,Fulham,Leicester,2,1
2024-08-24,E0,Man City,Ipswich,4,1
2024-08-24,E0,Southampton,Nott'm Forest,0,1
2024-08-24,E0,Tottenham,Everton,4,0
2024-08-24,E0,Aston Villa,Arsenal,0,2
2024-08-25,E0,Bournemouth,Newcastle,1,1
2024-08-25,E0,Wolves,Chelsea,2,6
2024-08-25,E0,Liverpool,Brentford,2,0
2024-08-31,E0,Arsenal,Brighton,1,1
2024-08-31,E0,Brentford,Southampton,3,1
2024-08-31,E0,Everton,Bournemouth,2,3
2024-08-31,E0,Ipswich,Fulham,1,1
2024-08-31,E0,Leicester,Aston Villa,1,2
2024-08-31,E0,Nott'm Forest,Wolves,1,1
2024-08-31,E0,West Ham,Man City,1,3
2024-09-01,E0,Chelsea,Crystal Palace,1,1
2024-09-01,E0,Newcastle,Tottenham,2,1
2024-09-01,E0,Man United,Liverpool,0,3
2024-09-14,E0,Southampton,Man United,0,3
2024-09-14,E0,Brighton,Ipswich,0,0
2024-09-14,E0,Crystal Palace,Leicester,2,2
2024-09-14,E0,Fulham,West Ham,1,1
2024-09-14,E0,Liverpool,Nott'm Forest,0,1
2024-09-14,E0,Man City,Brentford,2,1
2024-09-14,E0,Aston Villa,Everton,3,2
2024-09-14,E0,Bournemouth,Chelsea,0,1
2024-09-15,E0,Tottenham,Arsenal,0,1
2024-09-15,E0,Wolves,Newcastle,1,2
2024-09-21,E0,West Ham,Chelsea,0,3
2024-09-21,E0,Aston Villa,Wolves,3,1
2024-09-21,E0,Fulham,Newcastle,3,1
2024-09-21,E0,Leicester,Everton,1,1
2024-09-21,E0,Liverpool,Bournemouth,3,0
2024-09-21,E0,Southampton,Ipswich,1,1
2024-09-21,E0,Tottenham,Brentford,3,1
2024-09-21,E0,Crystal Palace,Man United,0,0
2024-09-22,E0,Brighton,Nott'm Forest,2,2
2024-09-22,E0,Man City,Arsenal,2,2
2024-09-28,E0,Newcastle,Man City,1,1
2024-09-28,E0,Arsenal,Leicester,4,2
2024-09-28,E0,Brentford,West Ham,1,1
2024-09-28,E0,Chelsea,Brighton,4,2
2024-09-28,E0,Everton,Crystal Palace,2,1
2024-09-28,E0,Nott'm Forest,Fulham,0,1
2024-09-28,E0,Wolves,Liverpool,1,2
2024-09-29,E0,Ipswich,Aston Villa,2,2
2024-09-29,E0,Man United,Tottenham,0,3
2024-09-30,E0,Bournemouth,Southampton,3,1
2024-10-05,E0,Crystal Palace,Liverpool,0,1
2024-10-05,E0,Arsenal,Southampton,3,1
2024-10-05,E0,Brentford,Wolves,5,3
2024-10-05,E0,Leicester,Bournemouth,1,0
2024-10-05,E0,Man City,Fulham,3,2
2024-10-05,E0,West Ham,Ipswich,4,1
2024-10-05,E0,Everton,Newcastle,0,0
2024-10-06,E0,Aston Villa,Man United,0,0
2024-10-06,E0,Chelsea,Nott'm Forest,1,1
2024-10-06,E0,Brighton,Tottenham,3,2
2024-10-19,E0,Tottenham,West Ham,4,1
2024-10-19,E0,Fulham,Aston Villa,1,3
2024-10-19,E0,Ipswich,Everton,0,2
2024-10-19,E0,Man United,Brentford,2,1
2024-10-19,E0,Newcastle,Brighton,0,1
2024-10-19,E0,Southampton,Leicester,2,3
2024-10-19,E0,Bournemouth,Arsenal,2,0
2024-10-20,E0,Wolves,Man City,1,2
2024-10-20,E0,Liverpool,Chelsea,2,1
2024-10-21,E0,Nott'm Forest,Crystal Palace,1,0
2024-10-25,E0,Leicester,Nott'm Forest,1,3
2024-10-26,E0,Aston Villa,Bournemouth,1,1
2024-10-26,E0,Brentford,Ipswich,4,3
2024-10-26,E0,Brighton,Wolves,2,2
2024-10-26,E0,Man City,Southampton,1,0
2024-10-26,E0,Everton,Fulham,1,1
2024-10-27,E0,Chelsea,Newcastle,2,1
2024-10-27,E0,Crystal Palace,Tottenham,1,0
2024-10-27,E0,West Ham,Man United,2,1
2024-10-27,E0,Arsenal,Liverpool,2,2
2024-11-02,E0,Newcastle,Arsenal,1,0
2024-11-02,E0,Bournemouth,Man City,2,1
2024-11-02,E0,Ipswich,Leicester,1,1
2024-11-02,E0,Liverpool,Brighton,2,1
2024-11-02,E0,Nott'm Forest,West Ham,3,0
2024-11-02,E0,Southampton,Everton,1,0
2024-11-02,E0,Wolves,Crystal Palace,2,2
2024-11-03,E0,Tottenham,Aston Villa,4,1
2024-11-03,E0,Man United,Chelsea,1,1
2024-11-04,E0,Fulham,Brentford,2,1
2024-11-09,E0,Brentford,Bournemouth,3,2
2024-11-09,E0,Crystal Palace,Fulham,0,2
2024-11-09,E0,West Ham,Everton,0,0
2024-11-09,E0,Wolves,Southampton,2,0
2024-11-09,E0,Brighton,Man City,2,1
2024-11-09,E0,Liverpool,Aston Villa,2,0
2024-11-10,E0,Man United,Leicester,3,0
2024-11-10,E0,Nott'm Forest,Newcastle,1,3
2024-11-10,E0,Tottenham,Ipswich,1,2
2024-11-10,E0,Chelsea,Arsenal,1,1
2024-11-23,E0,Leicester,Chelsea,1,2
2024-11-23,E0,Arsenal,Nott'm Forest,3,0
2024-11-23,E0,Aston Villa,Crystal Palace,2,2
2024-11-23,E0,Bournemouth,Brighton,1,2
2024-11-23,E0,Everton,Brentford,0,0
2024-11-23,E0,Fulham,Wolves,1,4
2024-11-23,E0,Man City,Tottenham,0,4
2024-11-24,E0,Southampton,Liverpool,2,3
2024-11-24,E0,Ipswich,Man United,1,1
2024-11-25,E0,Newcastle,West Ham,0,2
2024-11-29,E0,Brighton,Southampton,1,1
2024-11-30,E0,Brentford,Leicester,4,1
2024-11-30,E0,Crystal Palace,Newcastle,1,1
2024-11-30,E0,Nott'm Forest,Ipswich,1,0
2024-11-30,E0,Wolves,Bournemouth,2,4
2024-11-30,E0,West Ham,Arsenal,2,5
2024-12-01,E0,Chelsea,Aston Villa,3,0
2024-12-01,E0,Man United,Everton,4,0
2024-12-01,E0,Tottenham,Fulham,1,1
2024-12-01,E0,Liverpool,Man City,2,0
2024-12-03,E0,Ipswich,Crystal Palace,0,1
2024-12-03,E0,Leicester,West Ham,3,1
2024-12-04,E0,Everton,Wolves,4,0
2024-12-04,E0,Man City,Nott'm Forest,3,0
2024-12-04,E0,Newcastle,Liverpool,3,3
2024-12-04,E0,Southampton,Chelsea,1,5
2024-12-04,E0,Arsenal,Man United,2,0
2024-12-04,E0,Aston Villa,Brentford,3,1
2024-12-05,E0,Fulham,Brighton,3,1
2024-12-05,E0,Bournemouth,Tottenham,1,0
2024-12-07,E0,Aston Villa,Southampton,1,0
2024-12-07,E0,Brentford,Newcastle,4,2
2024-12-07,E0,Crystal Palace,Man City,2,2
2024-12-07,E0,Man United,Nott'm Forest,2,3
2024-12-08,E0,Fulham,Arsenal,1,1
2024-12-08,E0,Ipswich,Bournemouth,1,2
2024-12-08,E0,Leicester,Brighton,2,2
2024-12-08,E0,Tottenham,Chelsea,3,4
2024-12-09,E0,West Ham,Wolves,2,1
2024-12-14,E0,Arsenal,Everton,0,0
2024-12-14,E0,Liverpool,Fulham,2,2
2024-12-14,E0,Newcastle,Leicester,4,0
2024-12-14,E0,Wolves,Ipswich,1,2
2024-12-14,E0,Nott'm Forest,Aston Villa,2,1
2024-12-15,E0,Brighton,Crystal Palace,1,3
2024-12-15,E0,Man City,Man United,1,2
2024-12-15,E0,Chelsea,Brentford,2,1
2024-12-15,E0,Southampton,Tottenham,0,5
2024-12-16,E0,Bournemouth,West Ham,1,1
2024-12-21,E0,Aston Villa,Man City,2,1
2024-12-21,E0,Brentford,Nott'm Forest,0,2
2024-12-21,E0,Ipswich,Newcastle,0,4
2024-12-21,E0,West Ham,Brighton,1,1
2024-12-21,E0,Crystal Palace,Arsenal,1,5
2024-12-22,E0,Everton,Chelsea,0,0
2024-12-22,E0,Fulham,Southampton,0,0
2024-12-22,E0,Leicester,Wolves,0,3
2024-12-22,E0,Man United,Bournemouth,0,3
2024-12-22,E0,Tottenham,Liverpool,3,6
2024-12-26,E0,Man City,Everton,1,1
2024-12-26,E0,Bournemouth,Crystal Palace,0,0
2024-12-26,E0,Chelsea,Fulham,1,2
2024-12-26,E0,Newcastle,Aston Villa,3,0
2024-12-26,E0,Nott'm Forest,Tottenham,1,0
2024-12-26,E0,Southampton,West Ham,0,1
2024-12-26,E0,Wolves,Man United,2,0
2024-12-26,E0,Liverpool,Leicester,3,1
2024-12-27,E0,Brighton,Brentford,0,0
2024-12-27,E0,Arsenal,Ipswich,1,0
2024-12-29,E0,Leicester,Man City,0,2
2024-12-29,E0,Crystal Palace,Southampton,2,1
2024-12-29,E0,Everton,Nott'm Forest,0,2
2024-12-29,E0,Fulham,Bournemouth,2,2
2024-12-29,E0,Tottenham,Wolves,2,2
2024-12-29,E0,West Ham,Liverpool,0,5
2024-12-30,E0,Aston Villa,Brighton,2,2
2024-12-30,E0,Ipswich,Chelsea,2,0
2024-12-30,E0,Man United,Newcastle,0,2
2025-01-01,E0,Brentford,Arsenal,1,3
2025-01-04,E0,Tottenham,Newcastle,1,2
2025-01-04,E0,Aston Villa,Leicester,2,1
2025-01-04,E0,Bournemouth,Everton,1,0
2025-01-04,E0,Crystal Palace,Chelsea,1,1
2025-01-04,E0,Man City,West Ham,4,1
2025-01-04,E0,Southampton,Brentford,0,5
2025-01-04,E0,Brighton,Arsenal,1,1
2025-01-05,E0,Fulham,Ipswich,2,2
2025-01-05,E0,Liverpool,Man United,2,2
2025-01-06,E0,Wolves,Nott'm Forest,0,3
2025-01-14,E0,Brentford,Man City,2,2
2025-01-14,E0,Chelsea,Bournemouth,2,2
2025-01-14,E0,West Ham,Fulham,3,2
2025-01-14,E0,Nott'm Forest,Liverpool,1,1
2025-01-15,E0,Everton,Aston Villa,0,1
2025-01-15,E0,Leicester,Crystal Palace,0,2
2025-01-15,E0,Newcastle,Wolves,3,0
2025-01-15,E0,Arsenal,Tottenham,2,1
2025-01-16,E0,Ipswich,Brighton,0,2
2025-01-16,E0,Man United,Southampton,3,1
2025-01-18,E0,Newcastle,Bournemouth,1,4
2025-01-18,E0,Brentford,Liverpool,0,2
2025-01-18,E0,Leicester,Fulham,0,2
2025-01-18,E0,West Ham,Crystal Palace,0,2
2025-01-18,E0,Arsenal,Aston Villa,2,2
2025-01-19,E0,Everton,Tottenham,3,2
2025-01-19,E0,Man United,Brighton,1,3
2025-01-19,E0,Nott'm Forest,Southampton,3,2
2025-01-19,E0,Ipswich,Man City,0,6
2025-01-20,E0,Chelsea,Wolves,3,1
2025-01-25,E0,Bournemouth,Nott'm Forest,5,0
2025-01-25,E0,Brighton,Everton,0,1
2025-01-25,E0,Liverpool,Ipswich,4,1
2025-01-25,E0,Southampton,Newcastle,1,3
2025-01-25,E0,Wolves,Arsenal,0,1
2025-01-25,E0,Man City,Chelsea,3,1
2025-01-26,E0,Crystal Palace,Brentford,1,2
2025-01-26,E0,Tottenham,Leicester,1,2
2025-01-26,E0,Aston Villa,West Ham,1,1
2025-01-26,E0,Fulham,Man United,0,1
2025-02-01,E0,Nott'm Forest,Brighton,7,0
2025-02-01,E0,Bournemouth,Liverpool,0,2
2025-02-01,E0,Everton,Leicester,4,0
2025-02-01,E0,Ipswich,Southampton,1,2
2025-02-01,E0,Newcastle,Fulham,1,2
2025-02-01,E0,Wolves,Aston Villa,2,0
2025-02-02,E0,Brentford,Tottenham,0,2
2025-02-02,E0,Man United,Crystal Palace,0,2
2025-02-02,E0,Arsenal,Man City,5,1
2025-02-03,E0,Chelsea,West Ham,2,1
2025-02-12,E0,Everton,Liverpool,2,2
2025-02-14,E0,Brighton,Chelsea,3,0
2025-02-15,E0,Leicester,Arsenal,0,2
2025-02-15,E0,Aston Villa,Ipswich,1,1
2025-02-15,E0,Fulham,Nott'm Forest,2,1
2025-02-15,E0,Man City,Newcastle,4,0
2025-02-15,E0,Southampton,Bournemouth,1,3
2025-02-15,E0,West Ham,Brentford,0,1
2025-02-15,E0,Crystal Palace,Everton,1,2
2025-02-16,E0,Liverpool,Wolves,2,1
2025-02-16,E0,Tottenham,Man United,1,0
2025-02-19,E0,Aston Villa,Liverpool,2,2
2025-02-21,E0,Leicester,Brentford,0,4
2025-02-22,E0,Everton,Man United,2,2
2025-02-22,E0,Arsenal,West Ham,0,1
2025-02-22,E0,Bournemouth,Wolves,0,1
2025-02-22,E0,Fulham,Crystal Palace,0,2
2025-02-22,E0,Ipswich,Tottenham,1,4
2025-02-22,E0,Southampton,Brighton,0,4
2025-02-22,E0,Aston Villa,Chelsea,2,1
2025-02-23,E0,Newcastle,Nott'm Forest,4,3
2025-02-23,E0,Man City,Liverpool,0,2
2025-02-25,E0,Brighton,Bournemouth,2,1
2025-02-25,E0,Crystal Palace,Aston Villa,4,1
2025-02-25,E0,Wolves,Fulham,1,2
2025-02-25,E0,Chelsea,Southampton,4,0
2025-02-26,E0,Brentford,Everton,1,1
2025-02-26,E0,Man United,Ipswich,3,2
2025-02-26,E0,Nott'm Forest,Arsenal,0,0
2025-02-26,E0,Tottenham,Man City,0,1
2025-02-26,E0,Liverpool,Newcastle,2,0
2025-02-27,E0,West Ham,Leicester,2,0
2025-03-08,E0,Nott'm Forest,Man City,1,0
2025-03-08,E0,Brighton,Fulham,2,1
2025-03-08,E0,Crystal Palace,Ipswich,1,0
2025-03-08,E0,Liverpool,Southampton,3,1
2025-03-08,E0,Brentford,Aston Villa,0,1
2025-03-08,E0,Wolves,Everton,1,1
2025-03-09,E0,Chelsea,Leicester,1,0
2025-03-09,E0,Tottenham,Bournemouth,2,2
2025-03-09,E0,Man United,Arsenal,1,1
2025-03-10,E0,West Ham,Newcastle,0,1
2025-03-15,E0,Everton,West Ham,1,1
2025-03-15,E0,Ipswich,Nott'm Forest,2,4
2025-03-15,E0,Man City,Brighton,2,2
2025-03-15,E0,Southampton,Wolves,1,2
2025-03-15,E0,Bournemouth,Brentford,1,2
2025-03-16,E0,Arsenal,Chelsea,1,0
2025-03-16,E0,Fulham,Tottenham,2,0
2025-03-16,E0,Leicester,Man United,0,3
2025-04-01,E0,Arsenal,Fulham,2,1
2025-04-01,E0,Wolves,West Ham,1,0
2025-04-01,E0,Nott'm Forest,Man United,1,0
2025-04-02,E0,Bournemouth,Ipswich,1,2
2025-04-02,E0,Brighton,Aston Villa,0,3
2025-04-02,E0,Man City,Leicester,2,0
2025-04-02,E0,Newcastle,Brentford,2,1
2025-04-02,E0,Southampton,Crystal Palace,1,1
2025-04-02,E0,Liverpool,Everton,1,0
2025-04-03,E0,Chelsea,Tottenham,1,0
2025-04-05,E0,Everton,Arsenal,1,1
2025-04-05,E0,Crystal Palace,Brighton,2,1
2025-04-05,E0,Ipswich,Wolves,1,2
2025-04-05,E0,West Ham,Bournemouth,2,2
2025-04-05,E0,Aston Villa,Nott'm Forest,2,1
2025-04-06,E0,Brentford,Chelsea,0,0
2025-04-06,E0,Fulham,Liverpool,3,2
2025-04-06,E0,Tottenham,Southampton,3,1
2025-04-06,E0,Man United,Man City,0,0
2025-04-07,E0,Leicester,Newcastle,0,3
2025-04-12,E0,Man City,Crystal Palace,5,2
2025-04-12,E0,Brighton,Leicester,2,2
2025-04-12,E0,Nott'm Forest,Everton,0,1
2025-04-12,E0,Southampton,Aston Villa,0,3
2025-04-12,E0,Arsenal,Brentford,1,1
2025-04-13,E0,Chelsea,Ipswich,2,2
2025-04-13,E0,Liverpool,West Ham,2,1
2025-04-13,E0,Wolves,Tottenham,4,2
2025-04-13,E0,Newcastle,Man United,4,1
2025-04-14,E0,Bournemouth,Fulham,1,0
2025-04-16,E0,Newcastle,Crystal Palace,5,0
2025-04-19,E0,Brentford,Brighton,4,2
2025-04-19,E0,Crystal Palace,Bournemouth,0,0
2025-04-19,E0,Everton,Man City,0,2
2025-04-19,E0,West Ham,Southampton,1,1
2025-04-19,E0,Aston Villa,Newcastle,4,1
2025-04-20,E0,Fulham,Chelsea,1,2
2025-04-20,E0,Ipswich,Arsenal,0,4
2025-04-20,E0,Man United,Wolves,0,1
2025-04-20,E0,Leicester,Liverpool,0,1
2025-04-21,E0,Tottenham,Nott'm Forest,1,2
2025-04-22,E0,Man City,Aston Villa,2,1
2025-04-23,E0,Arsenal,Crystal Palace,2,2
2025-04-26,E0,Chelsea,Everton,1,0
2025-04-26,E0,Brighton,West Ham,3,2
2025-04-26,E0,Newcastle,Ipswich,3,0
2025-04-26,E0,Southampton,Fulham,1,2
2025-04-26,E0,Wolves,Leicester,3,0
2025-04-27,E0,Bournemouth,Man United,1,1
2025-04-27,E0,Liverpool,Tottenham,5,1
2025-05-01,E0,Nott'm Forest,Brentford,0,2
2025-05-02,E0,Man City,Wolves,1,0
2025-05-03,E0,Aston Villa,Fulham,1,0
2025-05-03,E0,Everton,Ipswich,2,2
2025-05-03,E0,Leicester,Southampton,2,0
2025-05-03,E0,Arsenal,Bournemouth,1,2
2025-05-04,E0,Brentford,Man United,4,3
2025-05-04,E0,Brighton,Newcastle,1,1
2025-05-04,E0,West Ham,Tottenham,1,1
2025-05-04,E0,Chelsea,Liverpool,3,1
2025-05-05,E0,Crystal Palace,Nott'm Forest,1,1
2025-05-10,E0,Fulham,Everton,1,3
2025-05-10,E0,Ipswich,Brentford,0,1
2025-05-10,E0,Southampton,Man City,0,0
2025-05-10,E0,Wolves,Brighton,0,2
2025-05-10,E0,Bournemouth,Aston Villa,0,1
2025-05-11,E0,Newcastle,Chelsea,2,0
2025-05-11,E0,Man United,West Ham,0,2
2025-05-11,E0,Nott'm Forest,Leicester,2,2
2025-05-11,E0,Tottenham,Crystal Palace,0,2
2025-05-11,E0,Liverpool,Arsenal,2,2
2025-05-16,E0,Aston Villa,Tottenham,2,0
2025-05-16,E0,Chelsea,Man United,1,0
2025-05-18,E0,Everton,Southampton,2,0
2025-05-18,E0,West Ham,Nott'm Forest,1,2
2025-05-18,E0,Brentford,Fulham,2,3
2025-05-18,E0,Leicester,Ipswich,2,0
2025-05-18,E0,Arsenal,Newcastle,1,0
2025-05-19,E0,Brighton,Liverpool,3,2
2025-05-20,E0,Crystal Palace,Wolves,4,2
2025-05-20,E0,Man City,Bournemouth,3,1
2025-05-25,E0,Bournemouth,Leicester,2,0
2025-05-25,E0,Fulham,Man City,0,2
2025-05-25,E0,Ipswich,West Ham,1,3
2025-05-25,E0,Liverpool,Crystal Palace,1,1
2025-05-25,E0,Man United,Aston Villa,2,0
2025-05-25,E0,Newcastle,Everton,0,1
2025-05-25,E0,Nott'm Forest,Chelsea,0,1
2025-05-25,E0,Southampton,Arsenal,1,2
2025-05-25,E0,Tottenham,Brighton,1,4
2025-05-25,E0,Wolves,Brentford,1,1
2025-08-15,E0,Liverpool,Bournemouth,4,2
2025-08-16,E0,Aston Villa,Newcastle,0,0
2025-08-16,E0,Brighton,Fulham,1,1
2025-08-16,E0,Sunderland,West Ham,3,0
2025-08-16,E0,Tottenham,Burnley,3,0
2025-08-16,E0,Wolves,Man City,0,4
2025-08-17,E0,Chelsea,Crystal Palace,0,0
2025-08-17,E0,Nott'm Forest,Brentford,3,1
2025-08-17,E0,Man United,Arsenal,0,1
2025-08-18,E0,Leeds,Everton,1,0
2025-08-22,E0,West Ham,Chelsea,1,5
2025-08-23,E0,Man City,Tottenham,0,2
2025-08-23,E0,Bournemouth,Wolves,1,0
2025-08-23,E0,Brentford,Aston Villa,1,0
2025-08-23,E0,Burnley,Sunderland,2,0
2025-08-23,E0,Arsenal,Leeds,5,0
2025-08-24,E0,Crystal Palace,Nott'm Forest,1,1
2025-08-24,E0,Everton,Brighton,2,0
2025-08-24,E0,Fulham,Man United,1,1
2025-08-25,E0,Newcastle,Liverpool,2,3
2025-08-30,E0,Chelsea,Fulham,2,0
2025-08-30,E0,Man United,Burnley,3,2
2025-08-30,E0,Sunderland,Brentford,2,1
2025-08-30,E0,Tottenham,Bournemouth,0,1
2025-08-30,E0,Wolves,Everton,2,3
2025-08-30,E0,Leeds,Newcastle,0,0
2025-08-31,E0,Brighton,Man City,2,1
2025-08-31,E0,Nott'm Forest,West Ham,0,3
2025-08-31,E0,Liverpool,Arsenal,1,0
2025-08-31,E0,Aston Villa,Crystal Palace,0,3
2025-09-13,E0,Arsenal,Nott'm Forest,3,0
2025-09-13,E0,Bournemouth,Brighton,2,1
2025-09-13,E0,Crystal Palace,Sunderland,0,0
2025-09-13,E0,Everton,Aston Villa,0,0
2025-09-13,E0,Fulham,Leeds,1,0
2025-09-13,E0,Newcastle,Wolves,1,0
2025-09-13,E0,West Ham,Tottenham,0,3
2025-09-13,E0,Brentford,Chelsea,2,2
2025-09-14,E0,Burnley,Liverpool,0,1
2025-09-14,E0,Man City,Man United,3,0
2025-09-20,E0,Liverpool,Everton,2,1
2025-09-20,E0,Brighton,Tottenham,2,2
2025-09-20,E0,Burnley,Nott'm Forest,1,1
2025-09-20,E0,West Ham,Crystal Palace,1,2
2025-09-20,E0,Wolves,Leeds,1,3
2025-09-20,E0,Man United,Chelsea,2,1
2025-09-20,E0,Fulham,Brentford,3,1
2025-09-21,E0,Bournemouth,Newcastle,0,0
2025-09-21,E0,Sunderland,Aston Villa,1,1
2025-09-21,E0,Arsenal,Man City,1,1
2025-09-27,E0,Brentford,Man United,3,1
2025-09-27,E0,Chelsea,Brighton,1,3
2025-09-27,E0,Crystal Palace,Liverpool,2,1
2025-09-27,E0,Leeds,Bournemouth,2,2
2025-09-27,E0,Man City,Burnley,5,1
2025-09-27,E0,Nott'm Forest,Sunderland,0,1
2025-09-27,E0,Tottenham,Wolves,1,1
2025-09-28,E0,Aston Villa,Fulham,3,1
2025-09-28,E0,Newcastle,Arsenal,1,2
2025-09-29,E0,Everton,West Ham,1,1
2025-10-03,E0,Bournemouth,Fulham,3,1
2025-10-04,E0,Leeds,Tottenham,1,2
2025-10-04,E0,Arsenal,West Ham,2,0
2025-10-04,E0,Man United,Sunderland,2,0
2025-10-04,E0,Chelsea,Liverpool,2,1
2025-10-05,E0,Aston Villa,Burnley,2,1
2025-10-05,E0,Everton,Crystal Palace,2,1
2025-10-05,E0,Newcastle,Nott'm Forest,2,0
2025-10-05,E0,Wolves,Brighton,1,1
2025-10-05,E0,Brentford,Man City,0,1
2025-10-18,E0,Nott'm Forest,Chelsea,0,3
2025-10-18,E0,Brighton,Newcastle,2,1
2025-10-18,E0,Burnley,Leeds,2,0
2025-10-18,E0,Crystal Palace,Bournemouth,3,3
2025-10-18,E0,Man City,Everton,2,0
2025-10-18,E0,Sunderland,Wolves,2,0
2025-10-18,E0,Fulham,Arsenal,0,1
2025-10-19,E0,Tottenham,Aston Villa,1,2
2025-10-19,E0,Liverpool,Man United,1,2
2025-10-20,E0,West Ham,Brentford,0,2
2025-10-24,E0,Leeds,West Ham,2,1
2025-10-25,E0,Chelsea,Sunderland,1,2
2025-10-25,E0,Newcastle,Fulham,2,1
2025-10-25,E0,Man United,Brighton,4,2
2025-10-25,E0,Brentford,Liverpool,3,2
2025-10-26,E0,Arsenal,Crystal Palace,1,0
2025-10-26,E0,Aston Villa,Man City,1,0
2025-10-26,E0,Bournemouth,Nott'm Forest,2,0
2025-10-26,E0,Wolves,Burnley,2,3
2025-10-26,E0,Everton,Tottenham,0,3
2025-11-01,E0,Brighton,Leeds,3,0
2025-11-01,E0,Burnley,Arsenal,0,2
2025-11-01,E0,Crystal Palace,Brentford,2,0
2025-11-01,E0,Fulham,Wolves,3,0
2025-11-01,E0,Nott'm Forest,Man United,2,2
2025-11-01,E0,Tottenham,Chelsea,0,1
2025-11-01,E0,Liverpool,Aston Villa,2,0
2025-11-02,E0,West Ham,Newcastle,3,1
2025-11-02,E0,Man City,Bournemouth,3,1
2025-11-03,E0,Sunderland,Everton,1,1
2025-11-08,E0,Tottenham,Man United,2,2
2025-11-08,E0,Everton,Fulham,2,0
2025-11-08,E0,West Ham,Burnley,3,2
2025-11-08,E0,Sunderland,Arsenal,2,2
2025-11-08,E0,Chelsea,Wolves,3,0
2025-11-09,E0,Aston Villa,Bournemouth,4,0
2025-11-09,E0,Brentford,Newcastle,3,1
2025-11-09,E0,Crystal Palace,Brighton,0,0
2025-11-09,E0,Nott'm Forest,Leeds,3,1
2025-11-09,E0,Man City,Liverpool,3,0
2025-11-22,E0,Burnley,Chelsea,0,2
2025-11-22,E0,Bournemouth,West Ham,2,2
2025-11-22,E0,Brighton,Brentford,2,1
2025-11-22,E0,Fulham,Sunderland,1,0
2025-11-22,E0,Liverpool,Nott'm Forest,0,3
2025-11-22,E0,Wolves,Crystal Palace,0,2
2025-11-22,E0,Newcastle,Man City,2,1
2025-11-23,E0,Leeds,Aston Villa,1,2
2025-11-23,E0,Arsenal,Tottenham,4,1
2025-11-24,E0,Man United,Everton,0,1
2025-11-29,E0,Brentford,Burnley,3,1
2025-11-29,E0,Man City,Leeds,3,2
2025-11-29,E0,Sunderland,Bournemouth,3,2
2025-11-29,E0,Everton,Newcastle,1,4
2025-11-29,E0,Tottenham,Fulham,1,2
2025-11-30,E0,Crystal Palace,Man United,1,2
2025-11-30,E0,Aston Villa,Wolves,1,0
2025-11-30,E0,Nott'm Forest,Brighton,0,2
2025-11-30,E0,West Ham,Liverpool,0,2
2025-11-30,E0,Chelsea,Arsenal,1,1
2025-12-02,E0,Bournemouth,Everton,0,1
2025-12-02,E0,Fulham,Man City,4,5
2025-12-02,E0,Newcastle,Tottenham,2,2
2025-12-03,E0,Arsenal,Brentford,2,0
2025-12-03,E0,Brighton,Aston Villa,3,4
2025-12-03,E0,Burnley,Crystal Palace,0,1
2025-12-03,E0,Wolves,Nott'm Forest,0,1
2025-12-03,E0,Leeds,Chelsea,3,1
2025-12-03,E0,Liverpool,Sunderland,1,1
2025-12-04,E0,Man United,West Ham,1,1
2025-12-06,E0,Aston Villa,Arsenal,2,1
2025-12-06,E0,Bournemouth,Chelsea,0,0
2025-12-06,E0,Everton,Nott'm Forest,3,0
2025-12-06,E0,Man City,Sunderland,3,0
2025-12-06,E0,Newcastle,Burnley,2,1
2025-12-06,E0,Tottenham,Brentford,2,0
2025-12-06,E0,Leeds,Liverpool,3,3
2025-12-07,E0,Brighton,West Ham,1,1
2025-12-07,E0,Fulham,Crystal Palace,1,2
2025-12-08,E0,Wolves,Man United,1,4
2025-12-13,E0,Chelsea,Everton,2,0
2025-12-13,E0,Liverpool,Brighton,2,0
2025-12-13,E0,Burnley,Fulham,2,3
2025-12-13,E0,Arsenal,Wolves,2,1
2025-12-14,E0,Crystal Palace,Man City,0,3
2025-12-14,E0,Nott'm Forest,Tottenham,3,0
2025-12-14,E0,Sunderland,Newcastle,1,0
2025-12-14,E0,West Ham,Aston Villa,2,3
2025-12-14,E0,Brentford,Leeds,1,1
2025-12-15,E0,Man United,Bournemouth,4,4
2025-12-20,E0,Newcastle,Chelsea,2,2
2025-12-20,E0,Bournemouth,Burnley,1,1
2025-12-20,E0,Brighton,Sunderland,0,0
2025-12-20,E0,Man City,West Ham,3,0
2025-12-20,E0,Wolves,Brentford,0,2
2025-12-20,E0,Tottenham,Liverpool,1,2
2025-12-20,E0,Everton,Arsenal,0,1
2025-12-20,E0,Leeds,Crystal Palace,4,1
2025-12-21,E0,Aston Villa,Man United,2,1
2025-12-22,E0,Fulham,Nott'm Forest,1,0
2025-12-26,E0,Man United,Newcastle,1,0
2025-12-27,E0,Nott'm Forest,Man City,1,2
2025-12-27,E0,Arsenal,Brighton,2,1
2025-12-27,E0,Brentford,Bournemouth,4,1
2025-12-27,E0,Burnley,Everton,0,0
2025-12-27,E0,Liverpool,Wolves,2,1
2025-12-27,E0,West Ham,Fulham,0,1
2025-12-27,E0,Chelsea,Aston Villa,1,2
2025-12-28,E0,Sunderland,Leeds,1,1
2025-12-28,E0,Crystal Palace,Tottenham,0,1
2025-12-30,E0,Burnley,Newcastle,1,3
2025-12-30,E0,Chelsea,Bournemouth,2,2
2025-12-30,E0,Nott'm Forest,Everton,0,2
2025-12-30,E0,West Ham,Brighton,2,2
2025-12-30,E0,Arsenal,Aston Villa,4,1
2025-12-30,E0,Man United,Wolves,1,1
2026-01-01,E0,Crystal Palace,Fulham,1,1
2026-01-01,E0,Liverpool,Leeds,0,0
2026-01-01,E0,Brentford,Tottenham,0,0
2026-01-01,E0,Sunderland,Man City,0,0
2026-01-03,E0,Aston Villa,Nott'm Forest,3,1
2026-01-03,E0,Brighton,Burnley,2,0
2026-01-03,E0,Wolves,West Ham,3,0
2026-01-03,E0,Bournemouth,Arsenal,2,3
2026-01-04,E0,Leeds,Man United,1,1
2026-01-04,E0,Everton,Brentford,2,4
2026-01-04,E0,Newcastle,Crystal Palace,2,0
2026-01-04,E0,Tottenham,Sunderland,1,1
2026-01-04,E0,Fulham,Liverpool,2,2
2026-01-04,E0,Man City,Chelsea,1,1
2026-01-06,E0,West Ham,Nott'm Forest,1,2
2026-01-07,E0,Bournemouth,Tottenham,3,2
2026-01-07,E0,Brentford,Sunderland,3,0
2026-01-07,E0,Crystal Palace,Aston Villa,0,0
2026-01-07,E0,Everton,Wolves,1,1
2026-01-07,E0,Fulham,Chelsea,2,1
2026-01-07,E0,Man City,Brighton,1,1
2026-01-07,E0,Burnley,Man United,2,2
2026-01-07,E0,Newcastle,Leeds,4,3
2026-01-08,E0,Arsenal,Liverpool,0,0
2026-01-17,E0,Man United,Man City,2,0
2026-01-17,E0,Chelsea,Brentford,2,0
2026-01-17,E0,Leeds,Fulham,1,0
2026-01-17,E0,Liverpool,Burnley,1,1
2026-01-17,E0,Sunderland,Crystal Palace,2,1
2026-01-17,E0,Tottenham,West Ham,1,2
2026-01-17,E0,Nott'm Forest,Arsenal,0,0
2026-01-18,E0,Wolves,Newcastle,0,0
2026-01-18,E0,Aston Villa,Everton,0,1
2026-01-19,E0,Brighton,Bournemouth,1,1
2026-01-24,E0,West Ham,Sunderland,3,1
2026-01-24,E0,Burnley,Tottenham,2,2
2026-01-24,E0,Fulham,Brighton,2,1
2026-01-24,E0,Man City,Wolves,2,0
2026-01-24,E0,Bournemouth,Liverpool,3,2
2026-01-25,E0,Brentford,Nott'm Forest,0,2
2026-01-25,E0,Crystal Palace,Chelsea,1,3
2026-01-25,E0,Newcastle,Aston Villa,0,2
2026-01-25,E0,Arsenal,Man United,2,3
2026-01-26,E0,Everton,Leeds,1,1
2026-01-31,E0,Brighton,Everton,1,1
2026-01-31,E0,Leeds,Arsenal,0,4
2026-01-31,E0,Wolves,Bournemouth,0,2
2026-01-31,E0,Chelsea,West Ham,3,2
2026-01-31,E0,Liverpool,Newcastle,4,1
2026-02-01,E0,Aston Villa,Brentford,0,1
2026-02-01,E0,Man United,Fulham,3,2
2026-02-01,E0,Nott'm Forest,Crystal Palace,1,1
2026-02-01,E0,Tottenham,Man City,2,2
2026-02-02,E0,Sunderland,Burnley,3,0
2026-02-06,E0,Leeds,Nott'm Forest,3,1
2026-02-07,E0,Man United,Tottenham,2,0
2026-02-07,E0,Arsenal,Sunderland,3,0
2026-02-07,E0,Bournemouth,Aston Villa,1,1
2026-02-07,E0,Burnley,West Ham,0,2
2026-02-07,E0,Fulham,Everton,1,2
2026-02-07,E0,Wolves,Chelsea,1,3
2026-02-07,E0,Newcastle,Brentford,2,3
2026-02-08,E0,Brighton,Crystal Palace,0,1
2026-02-08,E0,Liverpool,Man City,1,2
2026-02-10,E0,Chelsea,Leeds,2,2
2026-02-10,E0,Everton,Bournemouth,1,2
2026-02-10,E0,Tottenham,Newcastle,1,2
2026-02-10,E0,West Ham,Man United,1,1
2026-02-11,E0,Aston Villa,Brighton,1,0
2026-02-11,E0,Crystal Palace,Burnley,2,3
2026-02-11,E0,Man City,Fulham,3,0
2026-02-11,E0,Nott'm Forest,Wolves,0,0
2026-02-11,E0,Sunderland,Liverpool,0,1
2026-02-12,E0,Brentford,Arsenal,1,1
2026-02-18,E0,Wolves,Arsenal,2,2
2026-02-21,E0,Aston Villa,Leeds,1,1
2026-02-21,E0,Brentford,Brighton,0,2
2026-02-21,E0,Chelsea,Burnley,1,1
2026-02-21,E0,West Ham,Bournemouth,0,0
2026-02-21,E0,Man City,Newcastle,2,1
2026-02-22,E0,Crystal Palace,Wolves,1,0
2026-02-22,E0,Nott'm Forest,Liverpool,0,1
2026-02-22,E0,Sunderland,Fulham,1,3
2026-02-22,E0,Tottenham,Arsenal,1,4
2026-02-23,E0,Everton,Man United,0,1
2026-02-27,E0,Wolves,Aston Villa,2,0
2026-02-28,E0,Bournemouth,Sunderland,1,1
2026-02-28,E0,Burnley,Brentford,3,4
2026-02-28,E0,Liverpool,West Ham,5,2
2026-02-28,E0,Newcastle,Everton,2,3
2026-02-28,E0,Leeds,Man City,0,1
2026-03-01,E0,Brighton,Nott'm Forest,2,1
2026-03-01,E0,Fulham,Tottenham,2,1
2026-03-01,E0,Man United,Crystal Palace,2,1
2026-03-01,E0,Arsenal,Chelsea,2,1
2026-03-03,E0,Bournemouth,Brentford,0,0
2026-03-03,E0,Everton,Burnley,2,0
2026-03-03,E0,Leeds,Sunderland,0,1
2026-03-03,E0,Wolves,Liverpool,2,1
2026-03-04,E0,Aston Villa,Chelsea,1,4
2026-03-04,E0,Brighton,Arsenal,0,1
2026-03-04,E0,Fulham,West Ham,0,1
2026-03-04,E0,Man City,Nott'm Forest,2,2
2026-03-04,E0,Newcastle,Man United,2,1
2026-03-05,E0,Tottenham,Crystal Palace,1,3
2026-03-14,E0,Burnley,Bournemouth,0,0
2026-03-14,E0,Sunderland,Brighton,0,1
2026-03-14,E0,Arsenal,Everton,2,0
2026-03-14,E0,Chelsea,Newcastle,0,1
2026-03-14,E0,West Ham,Man City,1,1
2026-03-15,E0,Crystal Palace,Leeds,0,0
2026-03-15,E0,Man United,Aston Villa,3,1
2026-03-15,E0,Nott'm Forest,Fulham,0,0
2026-03-15,E0,Liverpool,Tottenham,1,1
2026-03-16,E0,Brentford,Wolves,2,2
2026-03-20,E0,Bournemouth,Man United,2,2
2026-03-21,E0,Brighton,Liverpool,2,1
2026-03-21,E0,Fulham,Burnley,3,1
2026-03-21,E0,Everton,Chelsea,3,0
2026-03-21,E0,Leeds,Brentford,0,0
2026-03-22,E0,Newcastle,Sunderland,1,2
2026-03-22,E0,Aston Villa,West Ham,2,0
2026-03-22,E0,Tottenham,Nott'm Forest,0,3
2026-04-10,E0,West Ham,Wolves,4,0
2026-04-11,E0,Arsenal,Bournemouth,1,2
2026-04-11,E0,Brentford,Everton,2,2
2026-04-11,E0,Burnley,Brighton,0,2
2026-04-11,E0,Liverpool,Fulham,2,0
2026-04-12,E0,Crystal Palace,Newcastle,2,1
2026-04-12,E0,Nott'm Forest,Aston Villa,1,1
2026-04-12,E0,Sunderland,Tottenham,1,0
2026-04-12,E0,Chelsea,Man City,0,3
2026-04-13,E0,Man United,Leeds,1,2
2026-04-18,E0,Brentford,Fulham,0,0
2026-04-18,E0,Leeds,Wolves,3,0
2026-04-18,E0,Newcastle,Bournemouth,1,2
2026-04-18,E0,Tottenham,Brighton,2,2
2026-04-18,E0,Chelsea,Man United,0,1
2026-04-19,E0,Aston Villa,Sunderland,4,3
2026-04-19,E0,Everton,Liverpool,1,2
2026-04-19,E0,Nott'm Forest,Burnley,4,1
2026-04-19,E0,Man City,Arsenal,2,1
2026-04-20,E0,Crystal Palace,West Ham,0,0
2026-04-21,E0,Brighton,Chelsea,3,0
2026-04-22,E0,Bournemouth,Leeds,2,2
2026-04-22,E0,Burnley,Man City,0,1
2026-04-24,E0,Sunderland,Nott'm Forest,0,5
2026-04-25,E0,Fulham,Aston Villa,1,0
2026-04-25,E0,Liverpool,Crystal Palace,3,1
2026-04-25,E0,West Ham,Everton,2,1
2026-04-25,E0,Wolves,Tottenham,0,1
2026-04-25,E0,Arsenal,Newcastle,1,0
2026-04-27,E0,Man United,Brentford,2,1
2026-05-01,E0,Leeds,Burnley,3,1
2026-05-02,E0,Brentford,West Ham,3,0
2026-05-02,E0,Newcastle,Brighton,3,1
2026-05-02,E0,Wolves,Sunderland,1,1
2026-05-02,E0,Arsenal,Fulham,3,0
2026-05-03,E0,Bournemouth,Crystal Palace,3,0
2026-05-03,E0,Man United,Liverpool,3,2
2026-05-03,E0,Aston Villa,Tottenham,1,2
2026-05-04,E0,Chelsea,Nott'm Forest,1,3
2026-05-04,E0,Everton,Man City,3,3
2026-05-09,E0,Liverpool,Chelsea,1,1
2026-05-09,E0,Brighton,Wolves,3,0
2026-05-09,E0,Fulham,Bournemouth,0,1
2026-05-09,E0,Sunderland,Man United,0,0
2026-05-09,E0,Man City,Brentford,3,0
2026-05-10,E0,Burnley,Aston Villa,2,2
2026-05-10,E0,Crystal Palace,Everton,2,2
2026-05-10,E0,Nott'm Forest,Newcastle,1,1
2026-05-10,E0,West Ham,Arsenal,0,1
2026-05-11,E0,Tottenham,Leeds,1,1
2026-05-13,E0,Man City,Crystal Palace,3,0
2026-05-15,E0,Aston Villa,Liverpool,4,2
2026-05-17,E0,Man United,Nott'm Forest,3,2
2026-05-17,E0,Brentford,Crystal Palace,2,2
2026-05-17,E0,Everton,Sunderland,1,3
2026-05-17,E0,Leeds,Brighton,1,0
2026-05-17,E0,Wolves,Fulham,1,1
2026-05-17,E0,Newcastle,West Ham,3,1
2026-05-18,E0,Arsenal,Burnley,1,0
2026-05-19,E0,Bournemouth,Man City,1,1
2026-05-19,E0,Chelsea,Tottenham,2,1
2026-05-24,E0,Brighton,Man United,0,3
2026-05-24,E0,Burnley,Wolves,1,1
2026-05-24,E0,Crystal Palace,Arsenal,1,2
2026-05-24,E0,Fulham,Newcastle,2,0
2026-05-24,E0,Liverpool,Brentford,1,1
2026-05-24,E0,Man City,Aston Villa,1,2
2026-05-24,E0,Nott'm Forest,Bournemouth,1,1
2026-05-24,E0,Sunderland,Chelsea,2,1
2026-05-24,E0,Tottenham,Everton,1,0
2026-05-24,E0,West Ham,Leeds,3,0
2023-08-04,E1,Sheffield Weds,Southampton,1,2
2023-08-05,E1,Blackburn,West Brom,2,1
2023-08-05,E1,Bristol City,Preston,1,1
2023-08-05,E1,Middlesbrough,Millwall,0,1
2023-08-05,E1,Norwich,Hull,2,1
2023-08-05,E1,Plymouth,Huddersfield,3,1
2023-08-05,E1,Stoke,Rotherham,4,1
2023-08-05,E1,Swansea,Birmingham,1,1
2023-08-05,E1,Watford,QPR,4,0
2023-08-06,E1,Leicester,Coventry,2,1
2023-08-06,E1,Leeds,Cardiff,2,2
2023-08-06,E1,Sunderland,Ipswich,1,2
2023-08-12,E1,Coventry,Middlesbrough,3,0
2023-08-12,E1,Birmingham,Leeds,1,0
2023-08-12,E1,Cardiff,QPR,1,2
2023-08-12,E1,Huddersfield,Leicester,0,1
2023-08-12,E1,Hull,Sheffield Weds,4,2
2023-08-12,E1,Ipswich,Stoke,2,0
2023-08-12,E1,Millwall,Bristol City,0,1
2023-08-12,E1,Preston,Sunderland,2,1
2023-08-12,E1,Rotherham,Blackburn,2,2
2023-08-12,E1,Southampton,Norwich,4,4
2023-08-12,E1,Watford,Plymouth,0,0
2023-08-12,E1,West Brom,Swansea,3,2
2023-08-18,E1,Leeds,West Brom,1,1
2023-08-19,E1,Plymouth,Southampton,1,2
2023-08-19,E1,Blackburn,Hull,1,2
2023-08-19,E1,Bristol City,Birmingham,0,2
2023-08-19,E1,Leicester,Cardiff,2,1
2023-08-19,E1,Middlesbrough,Huddersfield,1,1
2023-08-19,E1,QPR,Ipswich,0,1
2023-08-19,E1,Sheffield Weds,Preston,0,1
2023-08-19,E1,Stoke,Watford,1,0
2023-08-19,E1,Sunderland,Rotherham,2,1
2023-08-19,E1,Swansea,Coventry,1,1
2023-08-20,E1,Norwich,Millwall,3,1
2023-08-25,E1,Hull,Bristol City,1,1
2023-08-26,E1,Birmingham,Plymouth,2,1
2023-08-26,E1,Cardiff,Sheffield Weds,2,1
2023-08-26,E1,Coventry,Sunderland,0,0
2023-08-26,E1,Huddersfield,Norwich,0,4
2023-08-26,E1,Ipswich,Leeds,3,4
2023-08-26,E1,Millwall,Stoke,1,0
2023-08-26,E1,Preston,Swansea,2,1
2023-08-26,E1,Rotherham,Leicester,1,2
2023-08-26,E1,Southampton,QPR,2,1
2023-08-26,E1,West Brom,Middlesbrough,4,2
2023-08-27,E1,Watford,Blackburn,0,1
2023-09-02,E1,Birmingham,Millwall,1,1
2023-09-02,E1,Sunderland,Southampton,5,0
2023-09-02,E1,Swansea,Bristol City,1,2
2023-09-02,E1,Coventry,Watford,3,3
2023-09-02,E1,Ipswich,Cardiff,3,2
2023-09-02,E1,Leeds,Sheffield Weds,0,0
2023-09-02,E1,Leicester,Hull,0,1
2023-09-02,E1,Middlesbrough,QPR,0,2
2023-09-02,E1,Plymouth,Blackburn,3,0
2023-09-02,E1,Rotherham,Norwich,2,1
2023-09-02,E1,Stoke,Preston,0,2
2023-09-02,E1,West Brom,Huddersfield,1,2
2023-09-15,E1,Hull,Coventry,1,1
2023-09-15,E1,Southampton,Leicester,1,4
2023-09-16,E1,Blackburn,Middlesbrough,2,1
2023-09-16,E1,Bristol City,West Brom,0,0
2023-09-16,E1,Huddersfield,Rotherham,2,0
2023-09-16,E1,Norwich,Stoke,1,0
2023-09-16,E1,Preston,Plymouth,2,1
2023-09-16,E1,QPR,Sunderland,1,3
2023-09-16,E1,Sheffield Weds,Ipswich,0,1
2023-09-16,E1,Watford,Birmingham,2,0
2023-09-16,E1,Cardiff,Swansea,2,0
2023-09-17,E1,Millwall,Leeds,0,3
2023-09-19,E1,Bristol City,Plymouth,4,1
2023-09-19,E1,Cardiff,Coventry,3,2
2023-09-19,E1,Preston,Birmingham,2,1
2023-09-19,E1,QPR,Swansea,1,1
2023-09-19,E1,Southampton,Ipswich,0,1
2023-09-19,E1,Sheffield Weds,Middlesbrough,1,1
2023-09-20,E1,Blackburn,Sunderland,1,3
2023-09-20,E1,Huddersfield,Stoke,2,2
2023-09-20,E1,Hull,Leeds,0,0
2023-09-20,E1,Millwall,Rotherham,3,0
2023-09-20,E1,Watford,West Brom,2,2
2023-09-20,E1,Norwich,Leicester,0,2
2023-09-22,E1,Birmingham,QPR,0,0
2023-09-23,E1,Ipswich,Blackburn,4,3
2023-09-23,E1,Leeds,Watford,3,0
2023-09-23,E1,Leicester,Bristol City,1,0
2023-09-23,E1,Middlesbrough,Southampton,2,1
2023-09-23,E1,Plymouth,Norwich,6,2
2023-09-23,E1,Rotherham,Preston,1,1
2023-09-23,E1,Swansea,Sheffield Weds,3,0
2023-09-23,E1,West Brom,Millwall,0,0
2023-09-24,E1,Stoke,Hull,1,3
2023-09-24,E1,Sunderland,Cardiff,0,1
2023-09-25,E1,Coventry,Huddersfield,1,1
2023-09-29,E1,Sheffield Weds,Sunderland,0,3
2023-09-30,E1,Southampton,Leeds,3,1
2023-09-30,E1,Bristol City,Stoke,2,3
2023-09-30,E1,Cardiff,Rotherham,2,0
2023-09-30,E1,Huddersfield,Ipswich,1,1
2023-09-30,E1,Hull,Plymouth,1,1
2023-09-30,E1,Millwall,Swansea,0,3
2023-09-30,E1,Norwich,Birmingham,2,0
2023-09-30,E1,Preston,West Brom,0,4
2023-09-30,E1,QPR,Coventry,1,3
2023-09-30,E1,Watford,Middlesbrough,2,3
2023-10-01,E1,Blackburn,Leicester,1,4
2023-10-03,E1,Birmingham,Huddersfield,4,1
2023-10-03,E1,Ipswich,Hull,3,0
2023-10-03,E1,Middlesbrough,Cardiff,2,0
2023-10-03,E1,Plymouth,Millwall,0,2
2023-10-03,E1,Stoke,Southampton,0,1
2023-10-03,E1,West Brom,Sheffield Weds,1,0
2023-10-04,E1,Coventry,Blackburn,1,0
2023-10-04,E1,Leeds,QPR,1,0
2023-10-04,E1,Leicester,Preston,3,0
2023-10-04,E1,Sunderland,Watford,2,0
2023-10-04,E1,Swansea,Norwich,2,1
2023-10-04,E1,Rotherham,Bristol City,1,2
2023-10-06,E1,Birmingham,West Brom,3,1
2023-10-07,E1,Sunderland,Middlesbrough,0,4
2023-10-07,E1,Cardiff,Watford,1,1
2023-10-07,E1,Coventry,Norwich,1,1
2023-10-07,E1,Ipswich,Preston,4,2
2023-10-07,E1,Leeds,Bristol City,2,1
2023-10-07,E1,Leicester,Stoke,2,0
2023-10-07,E1,Millwall,Hull,2,2
2023-10-07,E1,Plymouth,Swansea,1,3
2023-10-07,E1,QPR,Blackburn,0,4
2023-10-07,E1,Sheffield Weds,Huddersfield,0,0
2023-10-07,E1,Southampton,Rotherham,1,1
2023-10-21,E1,Preston,Millwall,1,1
2023-10-21,E1,Blackburn,Cardiff,1,0
2023-10-21,E1,Bristol City,Coventry,1,0
2023-10-21,E1,Huddersfield,QPR,2,1
2023-10-21,E1,Hull,Southampton,1,2
2023-10-21,E1,Middlesbrough,Birmingham,1,0
2023-10-21,E1,Norwich,Leeds,2,3
2023-10-21,E1,Stoke,Sunderland,2,1
2023-10-21,E1,Swansea,Leicester,1,3
2023-10-21,E1,Watford,Sheffield Weds,1,0
2023-10-21,E1,West Brom,Plymouth,0,0
2023-10-24,E1,Huddersfield,Cardiff,0,4
2023-10-24,E1,Millwall,Blackburn,1,2
2023-10-24,E1,Norwich,Middlesbrough,1,2
2023-10-24,E1,Swansea,Watford,0,1
2023-10-24,E1,Leicester,Sunderland,1,0
2023-10-24,E1,West Brom,QPR,2,0
2023-10-25,E1,Birmingham,Hull,0,2
2023-10-25,E1,Bristol City,Ipswich,0,1
2023-10-25,E1,Plymouth,Sheffield Weds,3,0
2023-10-25,E1,Preston,Southampton,2,2
2023-10-25,E1,Rotherham,Coventry,2,0
2023-10-25,E1,Stoke,Leeds,1,0
2023-10-28,E1,Leeds,Huddersfield,4,1
2023-10-28,E1,Southampton,Birmingham,3,1
2023-10-28,E1,Blackburn,Swansea,0,1
2023-10-28,E1,Cardiff,Bristol City,2,0
2023-10-28,E1,Hull,Preston,1,0
2023-10-28,E1,Ipswich,Plymouth,3,2
2023-10-28,E1,Middlesbrough,Stoke,0,2
2023-10-28,E1,QPR,Leicester,1,2
2023-10-28,E1,Sunderland,Norwich,3,1
2023-10-28,E1,Watford,Millwall,2,2
2023-10-29,E1,Sheffield Weds,Rotherham,2,0
2023-10-30,E1,Coventry,West Brom,0,2
2023-11-03,E1,Leicester,Leeds,0,1
2023-11-04,E1,Birmingham,Ipswich,2,2
2023-11-04,E1,Bristol City,Sheffield Weds,1,0
2023-11-04,E1,Huddersfield,Watford,0,0
2023-11-04,E1,Millwall,Southampton,0,1
2023-11-04,E1,Plymouth,Middlesbrough,3,3
2023-11-04,E1,Preston,Coventry,3,2
2023-11-04,E1,Rotherham,QPR,1,1
2023-11-04,E1,Stoke,Cardiff,0,0
2023-11-04,E1,Swansea,Sunderland,0,0
2023-11-04,E1,West Brom,Hull,3,1
2023-11-05,E1,Norwich,Blackburn,1,3
2023-11-07,E1,Rotherham,Ipswich,2,2
2023-11-10,E1,Blackburn,Preston,1,2
2023-11-11,E1,Sunderland,Birmingham,3,1
2023-11-11,E1,Cardiff,Norwich,2,3
2023-11-11,E1,Coventry,Stoke,0,0
2023-11-11,E1,Hull,Huddersfield,1,0
2023-11-11,E1,Ipswich,Swansea,3,2
2023-11-11,E1,Leeds,Plymouth,2,1
2023-11-11,E1,Middlesbrough,Leicester,1,0
2023-11-11,E1,QPR,Bristol City,0,0
2023-11-11,E1,Sheffield Weds,Millwall,0,4
2023-11-11,E1,Southampton,West Brom,2,1
2023-11-11,E1,Watford,Rotherham,5,0
2023-11-24,E1,Rotherham,Leeds,1,1
2023-11-25,E1,Birmingham,Sheffield Weds,2,1
2023-11-25,E1,Bristol City,Middlesbrough,3,2
2023-11-25,E1,Huddersfield,Southampton,1,1
2023-11-25,E1,Leicester,Watford,2,0
2023-11-25,E1,Millwall,Coventry,0,3
2023-11-25,E1,Norwich,QPR,1,0
2023-11-25,E1,Plymouth,Sunderland,2,0
2023-11-25,E1,Preston,Cardiff,1,2
2023-11-25,E1,Stoke,Blackburn,0,3
2023-11-25,E1,Swansea,Hull,2,2
2023-11-25,E1,West Brom,Ipswich,2,0
2023-11-28,E1,Cardiff,West Brom,0,1
2023-11-28,E1,Coventry,Plymouth,1,0
2023-11-28,E1,Hull,Rotherham,4,1
2023-11-28,E1,Middlesbrough,Preston,4,0
2023-11-28,E1,QPR,Stoke,4,2
2023-11-28,E1,Watford,Norwich,3,2
2023-11-29,E1,Blackburn,Birmingham,4,2
2023-11-29,E1,Leeds,Swansea,3,1
2023-11-29,E1,Sheffield Weds,Leicester,1,1
2023-11-29,E1,Southampton,Bristol City,1,0
2023-11-29,E1,Sunderland,Huddersfield,1,2
2023-11-29,E1,Ipswich,Millwall,3,1
2023-12-01,E1,Preston,QPR,0,2
2023-12-02,E1,West Brom,Leicester,1,2
2023-12-02,E1,Birmingham,Rotherham,0,0
2023-12-02,E1,Hull,Watford,1,2
2023-12-02,E1,Ipswich,Coventry,2,1
2023-12-02,E1,Leeds,Middlesbrough,3,2
2023-12-02,E1,Millwall,Sunderland,1,1
2023-12-02,E1,Plymouth,Stoke,2,1
2023-12-02,E1,Sheffield Weds,Blackburn,3,1
2023-12-02,E1,Southampton,Cardiff,2,0
2023-12-02,E1,Swansea,Huddersfield,1,1
2023-12-03,E1,Bristol City,Norwich,1,2
2023-12-08,E1,Coventry,Birmingham,2,0
2023-12-09,E1,Blackburn,Leeds,0,2
2023-12-09,E1,Sunderland,West Brom,2,1
2023-12-09,E1,Cardiff,Millwall,1,0
2023-12-09,E1,Huddersfield,Bristol City,1,1
2023-12-09,E1,Leicester,Plymouth,4,0
2023-12-09,E1,Middlesbrough,Ipswich,0,2
2023-12-09,E1,Norwich,Preston,0,0
2023-12-09,E1,QPR,Hull,2,0
2023-12-09,E1,Rotherham,Swansea,1,2
2023-12-09,E1,Stoke,Sheffield Weds,0,1
2023-12-09,E1,Watford,Southampton,1,1
2023-12-12,E1,Blackburn,Bristol City,2,1
2023-12-12,E1,Huddersfield,Preston,1,3
2023-12-12,E1,Rotherham,West Brom,0,2
2023-12-12,E1,Stoke,Swansea,1,1
2023-12-12,E1,Watford,Ipswich,1,2
2023-12-12,E1,Sunderland,Leeds,1,0
2023-12-13,E1,Cardiff,Birmingham,0,1
2023-12-13,E1,Coventry,Southampton,1,1
2023-12-13,E1,Leicester,Millwall,3,2
2023-12-13,E1,Norwich,Sheffield Weds,3,1
2023-12-13,E1,QPR,Plymouth,0,0
2023-12-13,E1,Middlesbrough,Hull,1,2
2023-12-16,E1,Ipswich,Norwich,2,2
2023-12-16,E1,Bristol City,Sunderland,1,0
2023-12-16,E1,Hull,Cardiff,3,0
2023-12-16,E1,Leeds,Coventry,1,1
2023-12-16,E1,Millwall,Huddersfield,1,1
2023-12-16,E1,Plymouth,Rotherham,3,2
2023-12-16,E1,Preston,Watford,1,5
2023-12-16,E1,Sheffield Weds,QPR,2,1
2023-12-16,E1,Southampton,Blackburn,4,0
2023-12-16,E1,Swansea,Middlesbrough,1,2
2023-12-17,E1,West Brom,Stoke,1,1
2023-12-18,E1,Birmingham,Leicester,2,3
2023-12-22,E1,Bristol City,Hull,3,2
2023-12-22,E1,Swansea,Preston,2,1
2023-12-23,E1,Leeds,Ipswich,4,0
2023-12-23,E1,Blackburn,Watford,1,2
2023-12-23,E1,Leicester,Rotherham,3,0
2023-12-23,E1,Middlesbrough,West Brom,1,0
2023-12-23,E1,Norwich,Huddersfield,2,0
2023-12-23,E1,Plymouth,Birmingham,3,3
2023-12-23,E1,QPR,Southampton,0,1
2023-12-23,E1,Sheffield Weds,Cardiff,1,2
2023-12-23,E1,Stoke,Millwall,0,0
2023-12-23,E1,Sunderland,Coventry,0,3
2023-12-26,E1,Preston,Leeds,2,1
2023-12-26,E1,Millwall,QPR,2,0
2023-12-26,E1,Cardiff,Plymouth,2,2
2023-12-26,E1,Coventry,Sheffield Weds,2,0
2023-12-26,E1,Huddersfield,Blackburn,3,0
2023-12-26,E1,Hull,Sunderland,0,1
2023-12-26,E1,Rotherham,Middlesbrough,1,0
2023-12-26,E1,Southampton,Swansea,5,0
2023-12-26,E1,Watford,Bristol City,1,4
2023-12-26,E1,West Brom,Norwich,1,0
2023-12-26,E1,Birmingham,Stoke,1,3
2023-12-26,E1,Ipswich,Leicester,1,1
2023-12-29,E1,Southampton,Plymouth,2,1
2023-12-29,E1,Birmingham,Bristol City,0,0
2023-12-29,E1,Cardiff,Leicester,0,2
2023-12-29,E1,Coventry,Swansea,2,2
2023-12-29,E1,Huddersfield,Middlesbrough,1,2
2023-12-29,E1,Hull,Blackburn,3,2
2023-12-29,E1,Ipswich,QPR,0,0
2023-12-29,E1,Millwall,Norwich,1,0
2023-12-29,E1,Preston,Sheffield Weds,0,1
2023-12-29,E1,Rotherham,Sunderland,1,1
2023-12-29,E1,Watford,Stoke,1,1
2023-12-29,E1,West Brom,Leeds,1,0
2024-01-01,E1,Sunderland,Preston,2,0
2024-01-01,E1,Blackburn,Rotherham,2,2
2024-01-01,E1,Bristol City,Millwall,0,1
2024-01-01,E1,Leeds,Birmingham,3,0
2024-01-01,E1,Leicester,Huddersfield,4,1
2024-01-01,E1,Middlesbrough,Coventry,1,3
2024-01-01,E1,Norwich,Southampton,1,1
2024-01-01,E1,Plymouth,Watford,3,3
2024-01-01,E1,QPR,Cardiff,1,2
2024-01-01,E1,Stoke,Ipswich,0,0
2024-01-01,E1,Swansea,West Brom,1,0
2024-01-01,E1,Sheffield Weds,Hull,3,1
2024-01-12,E1,Hull,Norwich,1,2
2024-01-13,E1,Coventry,Leicester,3,1
2024-01-13,E1,Birmingham,Swansea,2,2
2024-01-13,E1,Cardiff,Leeds,0,3
2024-01-13,E1,Huddersfield,Plymouth,1,1
2024-01-13,E1,Millwall,Middlesbrough,1,3
2024-01-13,E1,Preston,Bristol City,2,0
2024-01-13,E1,Rotherham,Stoke,0,1
2024-01-13,E1,Southampton,Sheffield Weds,4,0
2024-01-13,E1,West Brom,Blackburn,4,1
2024-01-13,E1,Ipswich,Sunderland,2,1
2024-01-14,E1,QPR,Watford,1,2
2024-01-19,E1,Sunderland,Hull,0,1
2024-01-20,E1,Swansea,Southampton,1,3
2024-01-20,E1,Blackburn,Huddersfield,1,1
2024-01-20,E1,Bristol City,Watford,1,1
2024-01-20,E1,Middlesbrough,Rotherham,1,1
2024-01-20,E1,Norwich,West Brom,2,0
2024-01-20,E1,Plymouth,Cardiff,3,1
2024-01-20,E1,QPR,Millwall,2,0
2024-01-20,E1,Sheffield Weds,Coventry,1,2
2024-01-20,E1,Stoke,Birmingham,1,2
2024-01-21,E1,Leeds,Preston,2,1
2024-01-22,E1,Leicester,Ipswich,1,1
2024-01-24,E1,Leeds,Norwich,1,0
2024-01-27,E1,Millwall,Preston,1,1
2024-01-27,E1,Sunderland,Stoke,3,1
2024-01-28,E1,QPR,Huddersfield,1,1
2024-01-30,E1,Coventry,Bristol City,2,2
2024-01-30,E1,Leicester,Swansea,3,1
2024-01-31,E1,Sheffield Weds,Watford,0,0
2024-02-02,E1,Bristol City,Leeds,0,1
2024-02-03,E1,Blackburn,QPR,1,2
2024-02-03,E1,Huddersfield,Sheffield Weds,4,0
2024-02-03,E1,Hull,Millwall,1,0
2024-02-03,E1,Norwich,Coventry,2,1
2024-02-03,E1,Preston,Ipswich,3,2
2024-02-03,E1,Rotherham,Southampton,0,2
2024-02-03,E1,Stoke,Leicester,0,5
2024-02-03,E1,Swansea,Plymouth,0,1
2024-02-03,E1,Watford,Cardiff,0,1
2024-02-03,E1,West Brom,Birmingham,1,0
2024-02-04,E1,Middlesbrough,Sunderland,1,1
2024-02-09,E1,Sheffield Weds,Birmingham,2,0
2024-02-10,E1,Ipswich,West Brom,2,2
2024-02-10,E1,Blackburn,Stoke,3,1
2024-02-10,E1,Cardiff,Preston,0,2
2024-02-10,E1,Hull,Swansea,0,1
2024-02-10,E1,Leeds,Rotherham,3,0
2024-02-10,E1,Middlesbrough,Bristol City,1,2
2024-02-10,E1,QPR,Norwich,2,2
2024-02-10,E1,Southampton,Huddersfield,5,3
2024-02-10,E1,Sunderland,Plymouth,3,1
2024-02-10,E1,Watford,Leicester,1,2
2024-02-11,E1,Coventry,Millwall,2,1
2024-02-13,E1,Birmingham,Blackburn,1,0
2024-02-13,E1,Leicester,Sheffield Weds,2,0
2024-02-13,E1,Norwich,Watford,4,2
2024-02-13,E1,Rotherham,Hull,1,2
2024-02-13,E1,Swansea,Leeds,0,4
2024-02-13,E1,Bristol City,Southampton,3,1
2024-02-13,E1,West Brom,Cardiff,2,0
2024-02-14,E1,Huddersfield,Sunderland,1,0
2024-02-14,E1,Plymouth,Coventry,2,2
2024-02-14,E1,Preston,Middlesbrough,2,1
2024-02-14,E1,Stoke,QPR,1,0
2024-02-14,E1,Millwall,Ipswich,0,4
2024-02-16,E1,West Brom,Southampton,0,2
2024-02-17,E1,Plymouth,Leeds,0,2
2024-02-17,E1,Birmingham,Sunderland,2,1
2024-02-17,E1,Bristol City,QPR,0,1
2024-02-17,E1,Huddersfield,Hull,1,2
2024-02-17,E1,Leicester,Middlesbrough,1,2
2024-02-17,E1,Millwall,Sheffield Weds,0,2
2024-02-17,E1,Norwich,Cardiff,4,1
2024-02-17,E1,Preston,Blackburn,2,2
2024-02-17,E1,Rotherham,Watford,0,1
2024-02-17,E1,Stoke,Coventry,0,1
2024-02-17,E1,Swansea,Ipswich,1,2
2024-02-20,E1,Cardiff,Blackburn,0,0
2024-02-20,E1,Ipswich,Rotherham,4,3
2024-02-20,E1,Plymouth,West Brom,0,3
2024-02-20,E1,Southampton,Hull,1,2
2024-02-23,E1,Coventry,Preston,0,3
2024-02-23,E1,Leeds,Leicester,3,1
2024-02-24,E1,Hull,West Brom,1,1
2024-02-24,E1,Blackburn,Norwich,1,1
2024-02-24,E1,Cardiff,Stoke,2,1
2024-02-24,E1,Ipswich,Birmingham,3,1
2024-02-24,E1,Middlesbrough,Plymouth,0,2
2024-02-24,E1,QPR,Rotherham,2,1
2024-02-24,E1,Sheffield Weds,Bristol City,2,1
2024-02-24,E1,Southampton,Millwall,1,2
2024-02-24,E1,Sunderland,Swansea,1,2
2024-02-24,E1,Watford,Huddersfield,1,2
2024-03-01,E1,West Brom,Coventry,2,1
2024-03-02,E1,Bristol City,Cardiff,0,1
2024-03-02,E1,Huddersfield,Leeds,1,1
2024-03-02,E1,Birmingham,Southampton,3,4
2024-03-02,E1,Leicester,QPR,1,2
2024-03-02,E1,Millwall,Watford,1,0
2024-03-02,E1,Norwich,Sunderland,1,0
2024-03-02,E1,Plymouth,Ipswich,0,2
2024-03-02,E1,Preston,Hull,0,0
2024-03-02,E1,Rotherham,Sheffield Weds,0,1
2024-03-02,E1,Stoke,Middlesbrough,2,0
2024-03-02,E1,Swansea,Blackburn,2,1
2024-03-05,E1,Blackburn,Millwall,1,1
2024-03-05,E1,Coventry,Rotherham,5,0
2024-03-05,E1,Hull,Birmingham,1,1
2024-03-05,E1,Leeds,Stoke,1,0
2024-03-05,E1,Sheffield Weds,Plymouth,1,0
2024-03-05,E1,Sunderland,Leicester,0,1
2024-03-05,E1,Ipswich,Bristol City,3,2
2024-03-06,E1,Cardiff,Huddersfield,1,0
2024-03-06,E1,Middlesbrough,Norwich,3,1
2024-03-06,E1,Watford,Swansea,1,1
2024-03-06,E1,QPR,West Brom,2,2
2024-03-08,E1,Sheffield Weds,Leeds,0,2
2024-03-09,E1,Cardiff,Ipswich,2,1
2024-03-09,E1,Blackburn,Plymouth,1,1
2024-03-09,E1,Hull,Leicester,2,2
2024-03-09,E1,Millwall,Birmingham,1,0
2024-03-09,E1,Norwich,Rotherham,5,0
2024-03-09,E1,Preston,Stoke,1,2
2024-03-09,E1,QPR,Middlesbrough,0,2
2024-03-09,E1,Southampton,Sunderland,4,2
2024-03-09,E1,Watford,Coventry,1,2
2024-03-10,E1,Huddersfield,West Brom,1,4
2024-03-10,E1,Bristol City,Swansea,1,0
2024-03-12,E1,Birmingham,Middlesbrough,0,1
2024-03-16,E1,Swansea,Cardiff,2,0
2024-03-16,E1,Birmingham,Watford,0,1
2024-03-16,E1,Ipswich,Sheffield Weds,6,0
2024-03-16,E1,Middlesbrough,Blackburn,0,0
2024-03-16,E1,Plymouth,Preston,0,1
2024-03-16,E1,Rotherham,Huddersfield,0,0
2024-03-16,E1,Stoke,Norwich,0,3
2024-03-16,E1,Sunderland,QPR,0,0
2024-03-16,E1,West Brom,Bristol City,2,0
2024-03-17,E1,Leeds,Millwall,2,0
2024-03-29,E1,Bristol City,Leicester,1,0
2024-03-29,E1,Millwall,West Brom,1,1
2024-03-29,E1,Cardiff,Sunderland,0,2
2024-03-29,E1,Huddersfield,Coventry,1,3
2024-03-29,E1,Hull,Stoke,0,2
2024-03-29,E1,Norwich,Plymouth,2,1
2024-03-29,E1,Preston,Rotherham,3,0
2024-03-29,E1,QPR,Birmingham,2,1
2024-03-29,E1,Sheffield Weds,Swansea,1,1
2024-03-29,E1,Southampton,Middlesbrough,1,1
2024-03-29,E1,Blackburn,Ipswich,0,1
2024-03-29,E1,Watford,Leeds,2,2
2024-04-01,E1,Leicester,Norwich,3,1
2024-04-01,E1,Birmingham,Preston,1,0
2024-04-01,E1,Coventry,Cardiff,1,2
2024-04-01,E1,Middlesbrough,Sheffield Weds,2,0
2024-04-01,E1,Plymouth,Bristol City,0,1
2024-04-01,E1,Rotherham,Millwall,2,1
2024-04-01,E1,Stoke,Huddersfield,1,1
2024-04-01,E1,Sunderland,Blackburn,1,5
2024-04-01,E1,Swansea,QPR,0,1
2024-04-01,E1,West Brom,Watford,2,2
2024-04-01,E1,Ipswich,Southampton,3,2
2024-04-01,E1,Leeds,Hull,3,1
2024-04-05,E1,Rotherham,Plymouth,0,1
2024-04-06,E1,Norwich,Ipswich,1,0
2024-04-06,E1,Blackburn,Southampton,0,0
2024-04-06,E1,Cardiff,Hull,1,3
2024-04-06,E1,Coventry,Leeds,2,1
2024-04-06,E1,Huddersfield,Millwall,1,0
2024-04-06,E1,Leicester,Birmingham,2,1
2024-04-06,E1,Middlesbrough,Swansea,2,0
2024-04-06,E1,QPR,Sheffield Weds,0,2
2024-04-06,E1,Stoke,West Brom,2,2
2024-04-06,E1,Sunderland,Bristol City,0,0
2024-04-06,E1,Watford,Preston,0,0
2024-04-09,E1,Millwall,Leicester,1,0
2024-04-09,E1,Plymouth,QPR,1,1
2024-04-09,E1,Preston,Huddersfield,4,1
2024-04-09,E1,Sheffield Weds,Norwich,2,2
2024-04-09,E1,Southampton,Coventry,2,1
2024-04-09,E1,Leeds,Sunderland,0,0
2024-04-10,E1,Birmingham,Cardiff,0,1
2024-04-10,E1,Bristol City,Blackburn,5,0
2024-04-10,E1,Hull,Middlesbrough,2,2
2024-04-10,E1,Ipswich,Watford,0,0
2024-04-10,E1,Swansea,Stoke,3,0
2024-04-10,E1,West Brom,Rotherham,2,0
2024-04-12,E1,Plymouth,Leicester,1,0
2024-04-13,E1,Leeds,Blackburn,0,1
2024-04-13,E1,Birmingham,Coventry,3,0
2024-04-13,E1,Bristol City,Huddersfield,1,1
2024-04-13,E1,Hull,QPR,3,0
2024-04-13,E1,Ipswich,Middlesbrough,1,1
2024-04-13,E1,Millwall,Cardiff,3,1
2024-04-13,E1,Preston,Norwich,0,1
2024-04-13,E1,Sheffield Weds,Stoke,1,1
2024-04-13,E1,Southampton,Watford,3,2
2024-04-13,E1,Swansea,Rotherham,1,0
2024-04-13,E1,West Brom,Sunderland,0,1
2024-04-16,E1,Southampton,Preston,3,0
2024-04-20,E1,Leicester,West Brom,2,1
2024-04-20,E1,Cardiff,Southampton,2,1
2024-04-20,E1,Huddersfield,Swansea,0,4
2024-04-20,E1,Norwich,Bristol City,1,1
2024-04-20,E1,Rotherham,Birmingham,0,0
2024-04-20,E1,Stoke,Plymouth,3,0
2024-04-20,E1,Sunderland,Millwall,0,1
2024-04-20,E1,Watford,Hull,0,0
2024-04-20,E1,QPR,Preston,1,0
2024-04-21,E1,Blackburn,Sheffield Weds,1,3
2024-04-22,E1,Middlesbrough,Leeds,3,4
2024-04-23,E1,Leicester,Southampton,5,0
2024-04-24,E1,Coventry,Hull,2,3
2024-04-26,E1,QPR,Leeds,4,0
2024-04-27,E1,Blackburn,Coventry,0,0
2024-04-27,E1,Bristol City,Rotherham,2,0
2024-04-27,E1,Cardiff,Middlesbrough,1,4
2024-04-27,E1,Huddersfield,Birmingham,1,1
2024-04-27,E1,Millwall,Plymouth,1,0
2024-04-27,E1,Norwich,Swansea,2,2
2024-04-27,E1,Sheffield Weds,West Brom,3,0
2024-04-27,E1,Southampton,Stoke,0,1
2024-04-27,E1,Watford,Sunderland,1,0
2024-04-27,E1,Hull,Ipswich,3,3
2024-04-29,E1,Preston,Leicester,0,3
2024-04-30,E1,Coventry,Ipswich,1,2
2024-05-04,E1,Birmingham,Norwich,1,0
2024-05-04,E1,Coventry,QPR,1,2
2024-05-04,E1,Ipswich,Huddersfield,2,0
2024-05-04,E1,Leeds,Southampton,1,2
2024-05-04,E1,Leicester,Blackburn,0,2
2024-05-04,E1,Middlesbrough,Watford,3,1
2024-05-04,E1,Plymouth,Hull,1,0
2024-05-04,E1,Rotherham,Cardiff,5,2
2024-05-04,E1,Stoke,Bristol City,4,0
2024-05-04,E1,Sunderland,Sheffield Weds,0,2
2024-05-04,E1,Swansea,Millwall,0,1
2024-05-04,E1,West Brom,Preston,3,0
2024-08-09,E1,Blackburn,Derby,4,2
2024-08-09,E1,Preston,Sheffield United,0,2
2024-08-10,E1,Cardiff,Sunderland,0,2
2024-08-10,E1,Hull,Bristol City,1,1
2024-08-10,E1,Leeds,Portsmouth,3,3
2024-08-10,E1,Middlesbrough,Swansea,1,0
2024-08-10,E1,Millwall,Watford,2,3
2024-08-10,E1,Oxford,Norwich,2,0
2024-08-10,E1,QPR,West Brom,1,3
2024-08-10,E1,Stoke,Coventry,1,0
2024-08-11,E1,Sheffield Weds,Plymouth,4,0
2024-08-12,E1,Luton,Burnley,1,4
2024-08-16,E1,Coventry,Oxford,3,2
2024-08-17,E1,Derby,Middlesbrough,1,0
2024-08-17,E1,Portsmouth,Luton,0,0
2024-08-17,E1,West Brom,Leeds,0,0
2024-08-17,E1,Bristol City,Millwall,4,3
2024-08-17,E1,Burnley,Cardiff,5,0
2024-08-17,E1,Norwich,Blackburn,2,2
2024-08-17,E1,Plymouth,Hull,1,1
2024-08-17,E1,Sheffield United,QPR,2,2
2024-08-17,E1,Swansea,Preston,3,0
2024-08-17,E1,Watford,Stoke,3,0
2024-08-18,E1,Sunderland,Sheffield Weds,4,0
2024-08-23,E1,Sheffield Weds,Leeds,0,2
2024-08-24,E1,Bristol City,Coventry,1,1
2024-08-24,E1,Hull,Millwall,0,0
2024-08-24,E1,QPR,Plymouth,1,1
2024-08-24,E1,Blackburn,Oxford,2,1
2024-08-24,E1,Middlesbrough,Portsmouth,2,2
2024-08-24,E1,Norwich,Sheffield United,1,1
2024-08-24,E1,Preston,Luton,1,0
2024-08-24,E1,Stoke,West Brom,1,2
2024-08-24,E1,Sunderland,Burnley,1,0
2024-08-24,E1,Watford,Derby,2,1
2024-08-25,E1,Swansea,Cardiff,1,1
2024-08-30,E1,Luton,QPR,1,2
2024-08-31,E1,Burnley,Blackburn,1,1
2024-08-31,E1,Cardiff,Middlesbrough,0,2
2024-08-31,E1,Coventry,Norwich,0,1
2024-08-31,E1,Derby,Bristol City,3,0
2024-08-31,E1,Leeds,Hull,2,0
2024-08-31,E1,Millwall,Sheffield Weds,3,0
2024-08-31,E1,Oxford,Preston,3,1
2024-08-31,E1,Plymouth,Stoke,0,1
2024-08-31,E1,Portsmouth,Sunderland,1,3
2024-08-31,E1,West Brom,Swansea,1,0
2024-09-01,E1,Sheffield United,Watford,1,0
2024-09-13,E1,Hull,Sheffield United,0,2
2024-09-14,E1,Leeds,Burnley,0,1
2024-09-14,E1,Millwall,Luton,0,1
2024-09-14,E1,Oxford,Stoke,1,0
2024-09-14,E1,Blackburn,Bristol City,3,0
2024-09-14,E1,Derby,Cardiff,1,0
2024-09-14,E1,Middlesbrough,Preston,1,1
2024-09-14,E1,Plymouth,Sunderland,3,2
2024-09-14,E1,Sheffield Weds,QPR,1,1
2024-09-14,E1,Swansea,Norwich,1,0
2024-09-14,E1,Watford,Coventry,1,1
2024-09-15,E1,Portsmouth,West Brom,0,3
2024-09-20,E1,Stoke,Hull,1,3
2024-09-21,E1,Norwich,Watford,4,1
2024-09-21,E1,QPR,Millwall,1,1
2024-09-21,E1,Sunderland,Middlesbrough,1,0
2024-09-21,E1,Bristol City,Oxford,2,1
2024-09-21,E1,Burnley,Portsmouth,2,1
2024-09-21,E1,Cardiff,Leeds,0,2
2024-09-21,E1,Coventry,Swansea,1,2
2024-09-21,E1,Luton,Sheffield Weds,2,1
2024-09-21,E1,Sheffield United,Derby,1,0
2024-09-21,E1,West Brom,Plymouth,1,0
2024-09-22,E1,Preston,Blackburn,0,0
2024-09-27,E1,Plymouth,Luton,3,1
2024-09-28,E1,Blackburn,QPR,2,0
2024-09-28,E1,Derby,Norwich,2,3
2024-09-28,E1,Sheffield Weds,West Brom,3,2
2024-09-28,E1,Hull,Cardiff,4,1
2024-09-28,E1,Leeds,Coventry,3,0
2024-09-28,E1,Middlesbrough,Stoke,2,0
2024-09-28,E1,Millwall,Preston,3,1
2024-09-28,E1,Oxford,Burnley,0,0
2024-09-28,E1,Portsmouth,Sheffield United,0,0
2024-09-28,E1,Watford,Sunderland,2,1
2024-09-29,E1,Swansea,Bristol City,1,1
2024-10-01,E1,Burnley,Plymouth,1,0
2024-10-01,E1,Cardiff,Millwall,1,0
2024-10-01,E1,Coventry,Blackburn,3,0
2024-10-01,E1,Luton,Oxford,2,2
2024-10-01,E1,Norwich,Leeds,1,1
2024-10-01,E1,QPR,Hull,1,3
2024-10-01,E1,Sunderland,Derby,2,0
2024-10-01,E1,West Brom,Middlesbrough,0,1
2024-10-02,E1,Preston,Watford,3,0
2024-10-02,E1,Sheffield United,Swansea,1,0
2024-10-02,E1,Stoke,Portsmouth,6,1
2024-10-02,E1,Bristol City,Sheffield Weds,0,0
2024-10-04,E1,Sunderland,Leeds,2,2
2024-10-05,E1,Burnley,Preston,0,0
2024-10-05,E1,Norwich,Hull,4,0
2024-10-05,E1,Portsmouth,Oxford,1,1
2024-10-05,E1,Coventry,Sheffield Weds,1,2
2024-10-05,E1,Derby,QPR,2,0
2024-10-05,E1,Plymouth,Blackburn,2,1
2024-10-05,E1,Sheffield United,Luton,2,0
2024-10-05,E1,Swansea,Stoke,0,0
2024-10-05,E1,Watford,Middlesbrough,2,1
2024-10-05,E1,West Brom,Millwall,0,0
2024-10-06,E1,Bristol City,Cardiff,1,1
2024-10-18,E1,Leeds,Sheffield United,2,0
2024-10-19,E1,Cardiff,Plymouth,5,0
2024-10-19,E1,Luton,Watford,3,0
2024-10-19,E1,Oxford,West Brom,1,1
2024-10-19,E1,Preston,Coventry,1,0
2024-10-19,E1,Blackburn,Swansea,1,0
2024-10-19,E1,Middlesbrough,Bristol City,0,2
2024-10-19,E1,Millwall,Derby,1,1
2024-10-19,E1,QPR,Portsmouth,1,2
2024-10-19,E1,Sheffield Weds,Burnley,0,2
2024-10-19,E1,Stoke,Norwich,1,1
2024-10-20,E1,Hull,Sunderland,0,1
2024-10-22,E1,Cardiff,Portsmouth,2,0
2024-10-22,E1,Leeds,Watford,2,1
2024-10-22,E1,Oxford,Derby,1,1
2024-10-22,E1,Preston,Norwich,2,2
2024-10-22,E1,Sheffield Weds,Swansea,0,0
2024-10-22,E1,Stoke,Bristol City,2,2
2024-10-22,E1,QPR,Coventry,1,1
2024-10-23,E1,Blackburn,West Brom,0,0
2024-10-23,E1,Hull,Burnley,1,1
2024-10-23,E1,Luton,Sunderland,1,2
2024-10-23,E1,Millwall,Plymouth,1,0
2024-10-23,E1,Middlesbrough,Sheffield United,1,0
2024-10-25,E1,Portsmouth,Sheffield Weds,1,2
2024-10-26,E1,Bristol City,Leeds,0,0
2024-10-26,E1,Coventry,Luton,3,2
2024-10-26,E1,Watford,Blackburn,1,0
2024-10-26,E1,Burnley,QPR,0,0
2024-10-26,E1,Derby,Hull,1,1
2024-10-26,E1,Plymouth,Preston,3,3
2024-10-26,E1,Sheffield United,Stoke,2,0
2024-10-26,E1,Sunderland,Oxford,2,0
2024-10-26,E1,Swansea,Millwall,0,1
2024-10-26,E1,West Brom,Cardiff,0,0
2024-10-27,E1,Norwich,Middlesbrough,3,3
2024-11-01,E1,Luton,West Brom,1,1
2024-11-02,E1,Blackburn,Sheffield United,0,2
2024-11-02,E1,Oxford,Swansea,1,2
2024-11-02,E1,Stoke,Derby,2,1
2024-11-02,E1,Cardiff,Norwich,2,1
2024-11-02,E1,Hull,Portsmouth,1,1
2024-11-02,E1,Leeds,Plymouth,3,0
2024-11-02,E1,Middlesbrough,Coventry,0,3
2024-11-02,E1,Preston,Bristol City,1,3
2024-11-02,E1,QPR,Sunderland,0,0
2024-11-02,E1,Sheffield Weds,Watford,2,6
2024-11-03,E1,Millwall,Burnley,1,0
2024-11-05,E1,Bristol City,Sheffield United,1,2
2024-11-05,E1,Oxford,Hull,1,0
2024-11-05,E1,QPR,Middlesbrough,1,4
2024-11-05,E1,Sheffield Weds,Norwich,2,0
2024-11-05,E1,Plymouth,Portsmouth,1,0
2024-11-05,E1,Swansea,Watford,1,0
2024-11-06,E1,Blackburn,Stoke,0,2
2024-11-06,E1,Coventry,Derby,1,2
2024-11-06,E1,Millwall,Leeds,1,0
2024-11-06,E1,Luton,Cardiff,1,0
2024-11-06,E1,Preston,Sunderland,0,0
2024-11-07,E1,West Brom,Burnley,0,0
2024-11-08,E1,Watford,Oxford,1,0
2024-11-09,E1,Cardiff,Blackburn,1,3
2024-11-09,E1,Middlesbrough,Luton,5,1
2024-11-09,E1,Stoke,Millwall,1,1
2024-11-09,E1,Derby,Plymouth,1,1
2024-11-09,E1,Leeds,QPR,2,0
2024-11-09,E1,Norwich,Bristol City,0,2
2024-11-09,E1,Portsmouth,Preston,3,1
2024-11-09,E1,Sunderland,Coventry,2,2
2024-11-10,E1,Sheffield United,Sheffield Weds,1,0
2024-11-10,E1,Hull,West Brom,1,2
2024-11-10,E1,Burnley,Swansea,1,0
2024-11-22,E1,Plymouth,Watford,2,2
2024-11-23,E1,Bristol City,Burnley,0,1
2024-11-23,E1,Coventry,Sheffield United,2,2
2024-11-23,E1,Sheffield Weds,Cardiff,1,1
2024-11-23,E1,Luton,Hull,1,0
2024-11-23,E1,Millwall,Sunderland,1,1
2024-11-23,E1,Oxford,Middlesbrough,2,6
2024-11-23,E1,Preston,Derby,1,1
2024-11-23,E1,QPR,Stoke,1,1
2024-11-23,E1,West Brom,Norwich,2,2
2024-11-24,E1,Swansea,Leeds,3,4
2024-11-26,E1,Burnley,Coventry,2,0
2024-11-26,E1,Hull,Sheffield Weds,0,2
2024-11-26,E1,Norwich,Plymouth,6,1
2024-11-26,E1,Sheffield United,Oxford,3,0
2024-11-26,E1,Stoke,Preston,0,0
2024-11-26,E1,Watford,Bristol City,1,0
2024-11-26,E1,Sunderland,West Brom,0,0
2024-11-27,E1,Cardiff,QPR,0,2
2024-11-27,E1,Leeds,Luton,3,0
2024-11-27,E1,Middlesbrough,Blackburn,0,1
2024-11-27,E1,Derby,Swansea,1,2
2024-11-29,E1,Sheffield United,Sunderland,1,0
2024-11-30,E1,Middlesbrough,Hull,3,1
2024-11-30,E1,Oxford,Millwall,1,1
2024-11-30,E1,Watford,QPR,0,0
2024-11-30,E1,Blackburn,Leeds,1,0
2024-11-30,E1,Bristol City,Plymouth,4,0
2024-11-30,E1,Coventry,Cardiff,2,2
2024-11-30,E1,Norwich,Luton,4,2
2024-11-30,E1,Preston,West Brom,1,1
2024-11-30,E1,Stoke,Burnley,0,2
2024-11-30,E1,Swansea,Portsmouth,2,2
2024-12-01,E1,Derby,Sheffield Weds,1,2
2024-12-06,E1,Burnley,Middlesbrough,1,1
2024-12-07,E1,Leeds,Derby,2,0
2024-12-07,E1,Sheffield Weds,Preston,1,1
2024-12-07,E1,Sunderland,Stoke,2,1
2024-12-07,E1,Hull,Blackburn,0,1
2024-12-07,E1,Luton,Swansea,1,1
2024-12-07,E1,Millwall,Coventry,0,1
2024-12-07,E1,Portsmouth,Bristol City,3,0
2024-12-07,E1,QPR,Norwich,3,0
2024-12-08,E1,West Brom,Sheffield United,2,2
2024-12-10,E1,Burnley,Derby,0,0
2024-12-10,E1,Luton,Stoke,2,1
2024-12-10,E1,Plymouth,Swansea,1,2
2024-12-10,E1,Portsmouth,Norwich,0,0
2024-12-10,E1,Sheffield Weds,Blackburn,0,1
2024-12-10,E1,Sunderland,Bristol City,1,1
2024-12-10,E1,Leeds,Middlesbrough,3,1
2024-12-11,E1,Cardiff,Preston,0,2
2024-12-11,E1,Hull,Watford,1,1
2024-12-11,E1,Millwall,Sheffield United,0,1
2024-12-11,E1,QPR,Oxford,2,0
2024-12-11,E1,West Brom,Coventry,2,0
2024-12-13,E1,Derby,Portsmouth,4,0
2024-12-14,E1,Bristol City,QPR,1,1
2024-12-14,E1,Coventry,Hull,2,1
2024-12-14,E1,Preston,Leeds,1,1
2024-12-14,E1,Blackburn,Luton,2,0
2024-12-14,E1,Middlesbrough,Millwall,1,0
2024-12-14,E1,Oxford,Sheffield Weds,1,3
2024-12-14,E1,Sheffield United,Plymouth,2,0
2024-12-14,E1,Stoke,Cardiff,2,2
2024-12-14,E1,Swansea,Sunderland,2,3
2024-12-15,E1,Watford,West Brom,2,1
2024-12-15,E1,Norwich,Burnley,1,2
2024-12-20,E1,Luton,Derby,2,1
2024-12-21,E1,Hull,Swansea,2,1
2024-12-21,E1,Portsmouth,Coventry,4,1
2024-12-21,E1,Sheffield Weds,Stoke,2,0
2024-12-21,E1,Burnley,Watford,2,1
2024-12-21,E1,Cardiff,Sheffield United,0,2
2024-12-21,E1,Leeds,Oxford,4,0
2024-12-21,E1,Millwall,Blackburn,1,0
2024-12-21,E1,Plymouth,Middlesbrough,3,3
2024-12-21,E1,QPR,Preston,2,1
2024-12-21,E1,Sunderland,Norwich,2,1
2024-12-22,E1,West Brom,Bristol City,2,0
2024-12-26,E1,Blackburn,Sunderland,2,2
2024-12-26,E1,Bristol City,Luton,1,0
2024-12-26,E1,Coventry,Plymouth,4,0
2024-12-26,E1,Middlesbrough,Sheffield Weds,3,3
2024-12-26,E1,Norwich,Millwall,2,1
2024-12-26,E1,Oxford,Cardiff,3,2
2024-12-26,E1,Preston,Hull,1,0
2024-12-26,E1,Sheffield United,Burnley,0,2
2024-12-26,E1,Swansea,QPR,3,0
2024-12-26,E1,Watford,Portsmouth,2,1
2024-12-26,E1,Derby,West Brom,2,1
2024-12-26,E1,Stoke,Leeds,0,2
2024-12-29,E1,Norwich,QPR,1,1
2024-12-29,E1,Preston,Sheffield Weds,3,1
2024-12-29,E1,Sheffield United,West Brom,1,1
2024-12-29,E1,Blackburn,Hull,0,1
2024-12-29,E1,Bristol City,Portsmouth,3,0
2024-12-29,E1,Coventry,Millwall,0,0
2024-12-29,E1,Oxford,Plymouth,2,0
2024-12-29,E1,Stoke,Sunderland,1,0
2024-12-29,E1,Swansea,Luton,2,1
2024-12-29,E1,Watford,Cardiff,1,2
2024-12-29,E1,Derby,Leeds,0,1
2024-12-29,E1,Middlesbrough,Burnley,0,0
2025-01-01,E1,Plymouth,Bristol City,2,2
2025-01-01,E1,QPR,Watford,3,1
2025-01-01,E1,Millwall,Oxford,0,1
2025-01-01,E1,Burnley,Stoke,0,0
2025-01-01,E1,Cardiff,Coventry,1,1
2025-01-01,E1,Leeds,Blackburn,1,1
2025-01-01,E1,Luton,Norwich,0,1
2025-01-01,E1,Portsmouth,Swansea,4,0
2025-01-01,E1,Sheffield Weds,Derby,4,2
2025-01-01,E1,West Brom,Preston,3,1
2025-01-01,E1,Hull,Middlesbrough,0,1
2025-01-01,E1,Sunderland,Sheffield United,2,1
2025-01-04,E1,Blackburn,Burnley,0,1
2025-01-04,E1,Stoke,Plymouth,0,0
2025-01-04,E1,Swansea,West Brom,1,1
2025-01-04,E1,Bristol City,Derby,1,0
2025-01-04,E1,Hull,Leeds,3,3
2025-01-04,E1,Middlesbrough,Cardiff,1,1
2025-01-04,E1,Norwich,Coventry,2,1
2025-01-04,E1,Preston,Oxford,1,1
2025-01-04,E1,Sheffield Weds,Millwall,2,2
2025-01-04,E1,Watford,Sheffield United,1,2
2025-01-05,E1,Sunderland,Portsmouth,1,0
2025-01-06,E1,QPR,Luton,2,1
2025-01-14,E1,Cardiff,Watford,1,1
2025-01-14,E1,Plymouth,Oxford,1,1
2025-01-15,E1,Blackburn,Portsmouth,3,0
2025-01-17,E1,Burnley,Sunderland,0,0
2025-01-18,E1,Cardiff,Swansea,3,0
2025-01-18,E1,Millwall,Hull,0,1
2025-01-18,E1,Plymouth,QPR,0,1
2025-01-18,E1,Coventry,Bristol City,1,0
2025-01-18,E1,Derby,Watford,0,2
2025-01-18,E1,Luton,Preston,0,0
2025-01-18,E1,Oxford,Blackburn,1,0
2025-01-18,E1,Portsmouth,Middlesbrough,2,1
2025-01-18,E1,Sheffield United,Norwich,2,0
2025-01-18,E1,West Brom,Stoke,1,1
2025-01-19,E1,Leeds,Sheffield Weds,3,0
2025-01-21,E1,Blackburn,Coventry,0,2
2025-01-21,E1,Derby,Sunderland,0,1
2025-01-21,E1,Hull,QPR,1,2
2025-01-21,E1,Middlesbrough,West Brom,2,0
2025-01-21,E1,Oxford,Luton,3,2
2025-01-21,E1,Swansea,Sheffield United,1,2
2025-01-21,E1,Watford,Preston,1,2
2025-01-21,E1,Millwall,Cardiff,2,2
2025-01-22,E1,Leeds,Norwich,2,0
2025-01-22,E1,Portsmouth,Stoke,3,1
2025-01-22,E1,Sheffield Weds,Bristol City,2,2
2025-01-22,E1,Plymouth,Burnley,0,5
2025-01-24,E1,Sheffield United,Hull,0,3
2025-01-25,E1,Luton,Millwall,0,1
2025-01-25,E1,Norwich,Swansea,5,1
2025-01-25,E1,Stoke,Oxford,0,0
2025-01-25,E1,Bristol City,Blackburn,2,1
2025-01-25,E1,Cardiff,Derby,2,1
2025-01-25,E1,Coventry,Watford,2,1
2025-01-25,E1,Preston,Middlesbrough,2,1
2025-01-25,E1,QPR,Sheffield Weds,0,2
2025-01-25,E1,Sunderland,Plymouth,2,2
2025-01-25,E1,West Brom,Portsmouth,5,1
2025-01-27,E1,Burnley,Leeds,0,0
2025-01-28,E1,Portsmouth,Millwall,0,1
2025-01-31,E1,Blackburn,Preston,2,1
2025-02-01,E1,Oxford,Bristol City,1,1
2025-02-01,E1,Plymouth,West Brom,2,1
2025-02-01,E1,Watford,Norwich,0,1
2025-02-01,E1,Derby,Sheffield United,0,1
2025-02-01,E1,Hull,Stoke,1,2
2025-02-01,E1,Leeds,Cardiff,7,0
2025-02-01,E1,Millwall,QPR,2,1
2025-02-01,E1,Portsmouth,Burnley,0,0
2025-02-01,E1,Sheffield Weds,Luton,1,1
2025-02-01,E1,Swansea,Coventry,0,2
2025-02-03,E1,Middlesbrough,Sunderland,2,3
2025-02-04,E1,Burnley,Oxford,1,0
2025-02-04,E1,QPR,Blackburn,2,1
2025-02-05,E1,Coventry,Leeds,0,2
2025-02-08,E1,Sunderland,Watford,2,2
2025-02-08,E1,West Brom,Sheffield Weds,2,1
2025-02-08,E1,Norwich,Derby,1,1
2025-02-08,E1,Sheffield United,Portsmouth,2,1
2025-02-09,E1,Bristol City,Swansea,0,1
2025-02-11,E1,Coventry,QPR,1,0
2025-02-11,E1,Derby,Oxford,0,0
2025-02-11,E1,Portsmouth,Cardiff,2,1
2025-02-11,E1,Watford,Leeds,0,4
2025-02-11,E1,Norwich,Preston,0,1
2025-02-12,E1,Bristol City,Stoke,2,0
2025-02-12,E1,Burnley,Hull,2,0
2025-02-12,E1,Plymouth,Millwall,5,1
2025-02-12,E1,Sunderland,Luton,2,0
2025-02-12,E1,Swansea,Sheffield Weds,0,1
2025-02-12,E1,Sheffield United,Middlesbrough,3,1
2025-02-12,E1,West Brom,Blackburn,0,2
2025-02-14,E1,QPR,Derby,4,0
2025-02-15,E1,Cardiff,Bristol City,1,1
2025-02-15,E1,Oxford,Portsmouth,0,2
2025-02-15,E1,Preston,Burnley,0,0
2025-02-15,E1,Blackburn,Plymouth,2,0
2025-02-15,E1,Hull,Norwich,1,1
2025-02-15,E1,Luton,Sheffield United,0,1
2025-02-15,E1,Middlesbrough,Watford,0,1
2025-02-15,E1,Millwall,West Brom,1,1
2025-02-15,E1,Sheffield Weds,Coventry,1,2
2025-02-15,E1,Stoke,Swansea,3,1
2025-02-17,E1,Leeds,Sunderland,2,1
2025-02-18,E1,Preston,Millwall,1,1
2025-02-19,E1,Luton,Plymouth,1,1
2025-02-21,E1,Bristol City,Middlesbrough,2,1
2025-02-21,E1,Burnley,Sheffield Weds,4,0
2025-02-22,E1,Derby,Millwall,0,1
2025-02-22,E1,Plymouth,Cardiff,1,1
2025-02-22,E1,Sunderland,Hull,0,1
2025-02-22,E1,Coventry,Preston,2,1
2025-02-22,E1,Norwich,Stoke,4,2
2025-02-22,E1,Portsmouth,QPR,2,1
2025-02-22,E1,Swansea,Blackburn,3,0
2025-02-22,E1,West Brom,Oxford,2,0
2025-02-23,E1,Watford,Luton,2,0
2025-02-24,E1,Sheffield United,Leeds,1,3
2025-02-25,E1,Cardiff,Hull,1,0
2025-02-25,E1,Stoke,Middlesbrough,1,3
2025-02-28,E1,Sheffield Weds,Sunderland,1,2
2025-03-01,E1,Blackburn,Norwich,1,1
2025-03-01,E1,Leeds,West Brom,1,1
2025-03-01,E1,Oxford,Coventry,2,3
2025-03-01,E1,Luton,Portsmouth,1,0
2025-03-01,E1,Middlesbrough,Derby,1,0
2025-03-01,E1,QPR,Sheffield United,1,2
2025-03-01,E1,Stoke,Watford,0,0
2025-03-04,E1,Cardiff,Burnley,1,2
2025-03-04,E1,Hull,Plymouth,2,0
2025-03-04,E1,Millwall,Bristol City,0,2
2025-03-04,E1,Preston,Swansea,0,0
2025-03-07,E1,Norwich,Oxford,1,1
2025-03-08,E1,Coventry,Stoke,3,2
2025-03-08,E1,Watford,Millwall,1,2
2025-03-08,E1,Bristol City,Hull,1,1
2025-03-08,E1,Burnley,Luton,4,0
2025-03-08,E1,Derby,Blackburn,2,1
2025-03-08,E1,Plymouth,Sheffield Weds,0,3
2025-03-08,E1,Sheffield United,Preston,1,0
2025-03-08,E1,Sunderland,Cardiff,2,1
2025-03-08,E1,Swansea,Middlesbrough,1,0
2025-03-08,E1,West Brom,QPR,1,0
2025-03-09,E1,Portsmouth,Leeds,1,0
2025-03-11,E1,Burnley,West Brom,1,1
2025-03-11,E1,Cardiff,Luton,1,2
2025-03-11,E1,Derby,Coventry,2,0
2025-03-11,E1,Middlesbrough,QPR,2,1
2025-03-11,E1,Norwich,Sheffield Weds,2,3
2025-03-11,E1,Sunderland,Preston,1,1
2025-03-11,E1,Sheffield United,Bristol City,1,1
2025-03-12,E1,Hull,Oxford,2,1
2025-03-12,E1,Leeds,Millwall,2,0
2025-03-12,E1,Portsmouth,Plymouth,1,2
2025-03-12,E1,Watford,Swansea,1,0
2025-03-12,E1,Stoke,Blackburn,1,0
2025-03-14,E1,Bristol City,Norwich,2,1
2025-03-15,E1,Millwall,Stoke,1,0
2025-03-15,E1,QPR,Leeds,2,2
2025-03-15,E1,Blackburn,Cardiff,1,2
2025-03-15,E1,Coventry,Sunderland,3,0
2025-03-15,E1,Luton,Middlesbrough,0,0
2025-03-15,E1,Oxford,Watford,1,0
2025-03-15,E1,Plymouth,Derby,2,3
2025-03-15,E1,Preston,Portsmouth,2,1
2025-03-15,E1,Swansea,Burnley,0,2
2025-03-15,E1,West Brom,Hull,1,1
2025-03-16,E1,Sheffield Weds,Sheffield United,0,1
2025-03-28,E1,Sheffield United,Coventry,3,1
2025-03-29,E1,Hull,Luton,0,1
2025-03-29,E1,Watford,Plymouth,0,0
2025-03-29,E1,Burnley,Bristol City,1,0
2025-03-29,E1,Cardiff,Sheffield Weds,1,1
2025-03-29,E1,Leeds,Swansea,2,2
2025-03-29,E1,Middlesbrough,Oxford,2,1
2025-03-29,E1,Norwich,West Brom,1,0
2025-03-29,E1,Portsmouth,Blackburn,1,0
2025-03-29,E1,Stoke,QPR,3,1
2025-03-29,E1,Sunderland,Millwall,1,0
2025-04-02,E1,Derby,Preston,2,0
2025-04-04,E1,Blackburn,Middlesbrough,0,2
2025-04-05,E1,Coventry,Burnley,1,2
2025-04-05,E1,Luton,Leeds,1,1
2025-04-05,E1,West Brom,Sunderland,0,1
2025-04-05,E1,Bristol City,Watford,2,1
2025-04-05,E1,Millwall,Portsmouth,2,1
2025-04-05,E1,Oxford,Sheffield United,1,0
2025-04-05,E1,Plymouth,Norwich,2,1
2025-04-05,E1,Preston,Stoke,1,1
2025-04-05,E1,QPR,Cardiff,0,0
2025-04-05,E1,Sheffield Weds,Hull,0,1
2025-04-05,E1,Swansea,Derby,1,0
2025-04-08,E1,Blackburn,Sheffield Weds,2,2
2025-04-08,E1,Bristol City,West Brom,2,1
2025-04-08,E1,Derby,Burnley,0,0
2025-04-08,E1,Norwich,Sunderland,0,0
2025-04-08,E1,Preston,Cardiff,2,2
2025-04-08,E1,Sheffield United,Millwall,0,1
2025-04-08,E1,Stoke,Luton,1,1
2025-04-08,E1,Watford,Hull,1,0
2025-04-08,E1,Middlesbrough,Leeds,0,1
2025-04-09,E1,Oxford,QPR,1,3
2025-04-09,E1,Swansea,Plymouth,3,0
2025-04-09,E1,Coventry,Portsmouth,1,0
2025-04-11,E1,Burnley,Norwich,2,1
2025-04-12,E1,Leeds,Preston,2,1
2025-04-12,E1,Plymouth,Sheffield United,2,1
2025-04-12,E1,Cardiff,Stoke,0,1
2025-04-12,E1,Luton,Blackburn,0,1
2025-04-12,E1,Millwall,Middlesbrough,1,0
2025-04-12,E1,Portsmouth,Derby,2,2
2025-04-12,E1,QPR,Bristol City,1,1
2025-04-12,E1,Sheffield Weds,Oxford,0,1
2025-04-12,E1,Sunderland,Swansea,0,1
2025-04-12,E1,West Brom,Watford,2,1
2025-04-14,E1,Hull,Coventry,1,1
2025-04-18,E1,Derby,Luton,0,1
2025-04-18,E1,Blackburn,Millwall,4,1
2025-04-18,E1,Bristol City,Sunderland,2,1
2025-04-18,E1,Coventry,West Brom,2,0
2025-04-18,E1,Middlesbrough,Plymouth,2,1
2025-04-18,E1,Norwich,Portsmouth,3,5
2025-04-18,E1,Preston,QPR,1,2
2025-04-18,E1,Stoke,Sheffield Weds,2,0
2025-04-18,E1,Swansea,Hull,1,0
2025-04-18,E1,Watford,Burnley,1,2
2025-04-18,E1,Sheffield United,Cardiff,2,0
2025-04-18,E1,Oxford,Leeds,0,1
2025-04-21,E1,Cardiff,Oxford,1,1
2025-04-21,E1,Hull,Preston,2,1
2025-04-21,E1,Leeds,Stoke,6,0
2025-04-21,E1,Luton,Bristol City,3,1
2025-04-21,E1,Millwall,Norwich,3,1
2025-04-21,E1,Plymouth,Coventry,3,1
2025-04-21,E1,Portsmouth,Watford,1,0
2025-04-21,E1,QPR,Swansea,1,2
2025-04-21,E1,Sheffield Weds,Middlesbrough,2,1
2025-04-21,E1,Sunderland,Blackburn,0,1
2025-04-21,E1,West Brom,Derby,1,3
2025-04-21,E1,Burnley,Sheffield United,2,1
2025-04-25,E1,Stoke,Sheffield United,0,2
2025-04-26,E1,Luton,Coventry,1,0
2025-04-26,E1,QPR,Burnley,0,5
2025-04-26,E1,Blackburn,Watford,2,1
2025-04-26,E1,Cardiff,West Brom,0,0
2025-04-26,E1,Hull,Derby,0,1
2025-04-26,E1,Middlesbrough,Norwich,0,0
2025-04-26,E1,Millwall,Swansea,1,0
2025-04-26,E1,Oxford,Sunderland,2,0
2025-04-26,E1,Preston,Plymouth,1,2
2025-04-26,E1,Sheffield Weds,Portsmouth,1,1
2025-04-28,E1,Leeds,Bristol City,4,0
2025-05-03,E1,Bristol City,Preston,2,2
2025-05-03,E1,Burnley,Millwall,3,1
2025-05-03,E1,Coventry,Middlesbrough,2,0
2025-05-03,E1,Derby,Stoke,0,0
2025-05-03,E1,Norwich,Cardiff,4,2
2025-05-03,E1,Plymouth,Leeds,1,2
2025-05-03,E1,Portsmouth,Hull,1,1
2025-05-03,E1,Sheffield United,Blackburn,1,1
2025-05-03,E1,Sunderland,QPR,0,1
2025-05-03,E1,Swansea,Oxford,3,3
2025-05-03,E1,Watford,Sheffield Weds,1,1
2025-05-03,E1,West Brom,Luton,5,3
2025-08-08,E1,Birmingham,Ipswich,1,1
2025-08-09,E1,Charlton,Watford,1,0
2025-08-09,E1,Coventry,Hull,0,0
2025-08-09,E1,Southampton,Wrexham,2,1
2025-08-09,E1,Middlesbrough,Swansea,1,0
2025-08-09,E1,Norwich,Millwall,1,2
2025-08-09,E1,Oxford,Portsmouth,0,1
2025-08-09,E1,QPR,Preston,1,1
2025-08-09,E1,Stoke,Derby,3,1
2025-08-09,E1,West Brom,Blackburn,1,0
2025-08-09,E1,Sheffield United,Bristol City,1,4
2025-08-10,E1,Leicester,Sheffield Weds,2,1
2025-08-16,E1,Derby,Coventry,3,5
2025-08-16,E1,Portsmouth,Norwich,1,2
2025-08-16,E1,Wrexham,West Brom,2,3
2025-08-16,E1,Blackburn,Birmingham,1,2
2025-08-16,E1,Bristol City,Charlton,0,0
2025-08-16,E1,Millwall,Middlesbrough,0,3
2025-08-16,E1,Preston,Leicester,2,1
2025-08-16,E1,Sheffield Weds,Stoke,0,3
2025-08-16,E1,Swansea,Sheffield United,1,0
2025-08-16,E1,Watford,QPR,2,1
2025-08-17,E1,Ipswich,Southampton,1,1
2025-08-17,E1,Hull,Oxford,3,2
2025-08-22,E1,Derby,Bristol City,1,1
2025-08-23,E1,Charlton,Leicester,0,1
2025-08-23,E1,Hull,Blackburn,0,3
2025-08-23,E1,Swansea,Watford,1,1
2025-08-23,E1,Birmingham,Oxford,1,0
2025-08-23,E1,Coventry,QPR,7,1
2025-08-23,E1,Norwich,Middlesbrough,1,2
2025-08-23,E1,Preston,Ipswich,1,0
2025-08-23,E1,Sheffield United,Millwall,0,1
2025-08-23,E1,Southampton,Stoke,1,2
2025-08-23,E1,West Brom,Portsmouth,1,1
2025-08-23,E1,Wrexham,Sheffield Weds,2,2
2025-08-29,E1,Leicester,Birmingham,2,0
2025-08-30,E1,Middlesbrough,Sheffield United,1,0
2025-08-30,E1,QPR,Charlton,3,1
2025-08-30,E1,Stoke,West Brom,0,1
2025-08-30,E1,Blackburn,Norwich,0,2
2025-08-30,E1,Bristol City,Hull,4,2
2025-08-30,E1,Ipswich,Derby,2,2
2025-08-30,E1,Millwall,Wrexham,0,2
2025-08-30,E1,Oxford,Coventry,2,2
2025-08-30,E1,Portsmouth,Preston,1,0
2025-08-30,E1,Sheffield Weds,Swansea,0,2
2025-08-30,E1,Watford,Southampton,2,2
2025-09-12,E1,Ipswich,Sheffield United,5,0
2025-09-13,E1,Charlton,Millwall,1,1
2025-09-13,E1,Oxford,Leicester,2,2
2025-09-13,E1,Preston,Middlesbrough,2,2
2025-09-13,E1,Coventry,Norwich,1,1
2025-09-13,E1,Sheffield Weds,Bristol City,0,3
2025-09-13,E1,Stoke,Birmingham,1,0
2025-09-13,E1,Swansea,Hull,2,2
2025-09-13,E1,Watford,Blackburn,0,1
2025-09-13,E1,West Brom,Derby,0,1
2025-09-13,E1,Wrexham,QPR,1,3
2025-09-14,E1,Southampton,Portsmouth,0,0
2025-09-19,E1,Middlesbrough,West Brom,2,1
2025-09-20,E1,Birmingham,Swansea,1,0
2025-09-20,E1,Leicester,Coventry,0,0
2025-09-20,E1,QPR,Stoke,1,0
2025-09-20,E1,Derby,Preston,0,1
2025-09-20,E1,Hull,Southampton,3,1
2025-09-20,E1,Norwich,Wrexham,2,3
2025-09-20,E1,Portsmouth,Sheffield Weds,0,2
2025-09-20,E1,Sheffield United,Charlton,0,1
2025-09-21,E1,Bristol City,Oxford,1,3
2025-09-22,E1,Millwall,Watford,1,0
2025-09-26,E1,West Brom,Leicester,1,1
2025-09-27,E1,Coventry,Birmingham,3,0
2025-09-27,E1,Swansea,Millwall,1,1
2025-09-27,E1,Wrexham,Derby,1,1
2025-09-27,E1,Charlton,Blackburn,3,0
2025-09-27,E1,Ipswich,Portsmouth,2,1
2025-09-27,E1,Oxford,Sheffield United,0,1
2025-09-27,E1,Preston,Bristol City,0,0
2025-09-27,E1,Sheffield Weds,QPR,1,1
2025-09-27,E1,Southampton,Middlesbrough,1,1
2025-09-27,E1,Stoke,Norwich,1,1
2025-09-27,E1,Watford,Hull,2,1
2025-09-30,E1,Birmingham,Sheffield Weds,2,2
2025-09-30,E1,Blackburn,Swansea,1,2
2025-09-30,E1,Bristol City,Ipswich,1,1
2025-09-30,E1,Hull,Preston,2,2
2025-09-30,E1,Leicester,Wrexham,1,1
2025-09-30,E1,Middlesbrough,Stoke,0,0
2025-09-30,E1,Sheffield United,Southampton,1,2
2025-09-30,E1,Derby,Charlton,1,1
2025-10-01,E1,Millwall,Coventry,0,4
2025-10-01,E1,Norwich,West Brom,0,1
2025-10-01,E1,Portsmouth,Watford,2,2
2025-10-01,E1,QPR,Oxford,0,0
2025-10-03,E1,Wrexham,Birmingham,1,1
2025-10-04,E1,Blackburn,Stoke,1,1
2025-10-04,E1,Hull,Sheffield United,1,0
2025-10-04,E1,Sheffield Weds,Coventry,0,5
2025-10-04,E1,Bristol City,QPR,1,2
2025-10-04,E1,Derby,Southampton,1,1
2025-10-04,E1,Millwall,West Brom,3,0
2025-10-04,E1,Portsmouth,Middlesbrough,1,0
2025-10-04,E1,Preston,Charlton,2,0
2025-10-04,E1,Swansea,Leicester,1,3
2025-10-04,E1,Watford,Oxford,2,1
2025-10-05,E1,Ipswich,Norwich,3,1
2025-10-17,E1,Middlesbrough,Ipswich,2,1
2025-10-18,E1,Oxford,Derby,1,0
2025-10-18,E1,QPR,Millwall,1,2
2025-10-18,E1,Southampton,Swansea,0,0
2025-10-18,E1,Birmingham,Hull,2,3
2025-10-18,E1,Charlton,Sheffield Weds,2,1
2025-10-18,E1,Coventry,Blackburn,2,0
2025-10-18,E1,Norwich,Bristol City,0,1
2025-10-18,E1,Sheffield United,Watford,1,0
2025-10-18,E1,Stoke,Wrexham,1,0
2025-10-18,E1,West Brom,Preston,2,1
2025-10-18,E1,Leicester,Portsmouth,1,1
2025-10-21,E1,Blackburn,Sheffield United,1,3
2025-10-21,E1,Derby,Norwich,1,0
2025-10-21,E1,Hull,Leicester,2,1
2025-10-21,E1,Ipswich,Charlton,0,3
2025-10-21,E1,Millwall,Stoke,2,0
2025-10-21,E1,Portsmouth,Coventry,1,2
2025-10-21,E1,Preston,Birmingham,0,1
2025-10-21,E1,Bristol City,Southampton,3,1
2025-10-22,E1,Swansea,QPR,0,1
2025-10-22,E1,Watford,West Brom,2,1
2025-10-22,E1,Wrexham,Oxford,1,0
2025-10-22,E1,Sheffield Weds,Middlesbrough,0,1
2025-10-24,E1,Preston,Sheffield United,3,2
2025-10-25,E1,Coventry,Watford,3,1
2025-10-25,E1,Ipswich,West Brom,1,0
2025-10-25,E1,Portsmouth,Stoke,0,1
2025-10-25,E1,Blackburn,Southampton,2,1
2025-10-25,E1,Bristol City,Birmingham,1,0
2025-10-25,E1,Derby,QPR,1,0
2025-10-25,E1,Hull,Charlton,1,1
2025-10-25,E1,Middlesbrough,Wrexham,1,1
2025-10-25,E1,Millwall,Leicester,1,0
2025-10-25,E1,Sheffield Weds,Oxford,1,2
2025-10-25,E1,Swansea,Norwich,2,1
2025-10-31,E1,Wrexham,Coventry,3,2
2025-11-01,E1,Leicester,Blackburn,0,2
2025-11-01,E1,Norwich,Hull,0,2
2025-11-01,E1,West Brom,Sheffield Weds,0,0
2025-11-01,E1,Birmingham,Portsmouth,4,0
2025-11-01,E1,Charlton,Swansea,1,1
2025-11-01,E1,Oxford,Millwall,2,2
2025-11-01,E1,QPR,Ipswich,1,4
2025-11-01,E1,Sheffield United,Derby,1,3
2025-11-01,E1,Southampton,Preston,0,2
2025-11-01,E1,Stoke,Bristol City,5,1
2025-11-01,E1,Watford,Middlesbrough,3,0
2025-11-04,E1,Birmingham,Millwall,4,0
2025-11-04,E1,Bristol City,Blackburn,0,1
2025-11-04,E1,Charlton,West Brom,1,0
2025-11-04,E1,Derby,Hull,2,1
2025-11-04,E1,Ipswich,Watford,1,1
2025-11-04,E1,Leicester,Middlesbrough,1,1
2025-11-04,E1,Oxford,Stoke,0,3
2025-11-04,E1,Coventry,Sheffield United,3,1
2025-11-05,E1,Preston,Swansea,2,1
2025-11-05,E1,QPR,Southampton,1,2
2025-11-05,E1,Sheffield Weds,Norwich,1,1
2025-11-05,E1,Portsmouth,Wrexham,0,0
2025-11-07,E1,Watford,Bristol City,1,1
2025-11-08,E1,Blackburn,Derby,1,2
2025-11-08,E1,Hull,Portsmouth,3,2
2025-11-08,E1,Millwall,Preston,1,1
2025-11-08,E1,Middlesbrough,Birmingham,2,1
2025-11-08,E1,Norwich,Leicester,1,2
2025-11-08,E1,Sheffield United,QPR,0,0
2025-11-08,E1,Southampton,Sheffield Weds,3,1
2025-11-08,E1,Stoke,Coventry,0,1
2025-11-08,E1,Swansea,Ipswich,1,4
2025-11-08,E1,West Brom,Oxford,2,1
2025-11-08,E1,Wrexham,Charlton,1,0
2025-11-21,E1,Preston,Blackburn,1,2
2025-11-22,E1,Bristol City,Swansea,3,0
2025-11-22,E1,Charlton,Southampton,1,5
2025-11-22,E1,Coventry,West Brom,3,2
2025-11-22,E1,Birmingham,Norwich,4,1
2025-11-22,E1,Derby,Watford,2,3
2025-11-22,E1,Ipswich,Wrexham,0,0
2025-11-22,E1,Leicester,Stoke,2,1
2025-11-22,E1,Oxford,Middlesbrough,1,1
2025-11-22,E1,Portsmouth,Millwall,3,1
2025-11-22,E1,QPR,Hull,3,2
2025-11-23,E1,Sheffield Weds,Sheffield United,0,3
2025-11-25,E1,Hull,Ipswich,0,2
2025-11-25,E1,Middlesbrough,Coventry,2,4
2025-11-25,E1,Norwich,Oxford,1,1
2025-11-25,E1,Stoke,Charlton,3,0
2025-11-25,E1,Swansea,Derby,1,2
2025-11-25,E1,Watford,Preston,1,1
2025-11-25,E1,Southampton,Leicester,3,0
2025-11-26,E1,Blackburn,QPR,0,1
2025-11-26,E1,Millwall,Sheffield Weds,1,0
2025-11-26,E1,Sheffield United,Portsmouth,3,0
2025-11-26,E1,Wrexham,Bristol City,2,0
2025-11-26,E1,West Brom,Birmingham,1,1
2025-11-28,E1,Oxford,Ipswich,2,1
2025-11-29,E1,Leicester,Sheffield United,2,3
2025-11-29,E1,Portsmouth,Bristol City,0,1
2025-11-29,E1,Stoke,Hull,1,2
2025-11-29,E1,Coventry,Charlton,3,1
2025-11-29,E1,Middlesbrough,Derby,2,1
2025-11-29,E1,Millwall,Southampton,3,2
2025-11-29,E1,Norwich,QPR,3,1
2025-11-29,E1,Sheffield Weds,Preston,2,3
2025-11-29,E1,West Brom,Swansea,3,2
2025-11-29,E1,Wrexham,Blackburn,1,1
2025-12-01,E1,Birmingham,Watford,2,1
2025-12-02,E1,Blackburn,Ipswich,1,1
2025-12-05,E1,Hull,Middlesbrough,1,4
2025-12-06,E1,Derby,Leicester,1,3
2025-12-06,E1,Watford,Norwich,3,2
2025-12-06,E1,Bristol City,Millwall,0,1
2025-12-06,E1,Ipswich,Coventry,3,0
2025-12-06,E1,Preston,Wrexham,1,1
2025-12-06,E1,QPR,West Brom,3,1
2025-12-06,E1,Sheffield United,Stoke,4,0
2025-12-06,E1,Southampton,Birmingham,3,1
2025-12-06,E1,Swansea,Oxford,2,0
2025-12-09,E1,Blackburn,Oxford,1,1
2025-12-09,E1,Charlton,Middlesbrough,1,2
2025-12-09,E1,Preston,Coventry,1,1
2025-12-09,E1,Sheffield United,Norwich,1,1
2025-12-09,E1,Southampton,West Brom,3,2
2025-12-09,E1,Swansea,Portsmouth,1,0
2025-12-09,E1,Watford,Sheffield Weds,1,1
2025-12-09,E1,QPR,Birmingham,2,1
2025-12-10,E1,Bristol City,Leicester,2,2
2025-12-10,E1,Derby,Millwall,1,1
2025-12-10,E1,Ipswich,Stoke,1,0
2025-12-10,E1,Hull,Wrexham,2,0
2025-12-12,E1,West Brom,Sheffield United,2,0
2025-12-13,E1,Norwich,Southampton,2,1
2025-12-13,E1,Oxford,Preston,1,2
2025-12-13,E1,Stoke,Swansea,2,1
2025-12-13,E1,Birmingham,Charlton,1,1
2025-12-13,E1,Coventry,Bristol City,1,0
2025-12-13,E1,Leicester,Ipswich,3,1
2025-12-13,E1,Middlesbrough,QPR,3,1
2025-12-13,E1,Millwall,Hull,1,3
2025-12-13,E1,Portsmouth,Blackburn,2,1
2025-12-13,E1,Wrexham,Watford,2,2
2025-12-15,E1,Sheffield Weds,Derby,0,3
2025-12-19,E1,Swansea,Wrexham,2,1
2025-12-20,E1,Blackburn,Millwall,2,0
2025-12-20,E1,Preston,Norwich,1,1
2025-12-20,E1,Southampton,Coventry,1,1
2025-12-20,E1,Bristol City,Middlesbrough,2,0
2025-12-20,E1,Charlton,Oxford,1,0
2025-12-20,E1,Derby,Portsmouth,1,1
2025-12-20,E1,Hull,West Brom,1,0
2025-12-20,E1,Ipswich,Sheffield Weds,3,1
2025-12-20,E1,QPR,Leicester,4,1
2025-12-20,E1,Sheffield United,Birmingham,3,0
2025-12-20,E1,Watford,Stoke,1,0
2025-12-26,E1,Birmingham,Derby,1,1
2025-12-26,E1,Millwall,Ipswich,0,0
2025-12-26,E1,Coventry,Swansea,1,0
2025-12-26,E1,Leicester,Watford,1,2
2025-12-26,E1,Middlesbrough,Blackburn,0,0
2025-12-26,E1,Norwich,Charlton,1,0
2025-12-26,E1,Oxford,Southampton,2,1
2025-12-26,E1,Portsmouth,QPR,1,1
2025-12-26,E1,Sheffield Weds,Hull,2,2
2025-12-26,E1,Stoke,Preston,0,0
2025-12-26,E1,West Brom,Bristol City,1,2
2025-12-26,E1,Wrexham,Sheffield United,5,3
2025-12-29,E1,Coventry,Ipswich,0,2
2025-12-29,E1,Leicester,Derby,2,1
2025-12-29,E1,Middlesbrough,Hull,0,1
2025-12-29,E1,Millwall,Bristol City,2,1
2025-12-29,E1,Norwich,Watford,0,1
2025-12-29,E1,Oxford,Swansea,0,1
2025-12-29,E1,Portsmouth,Charlton,2,1
2025-12-29,E1,Sheffield Weds,Blackburn,0,0
2025-12-29,E1,Stoke,Sheffield United,1,2
2025-12-29,E1,West Brom,QPR,2,1
2025-12-29,E1,Wrexham,Preston,2,1
2025-12-29,E1,Birmingham,Southampton,1,1
2026-01-01,E1,Blackburn,Wrexham,0,2
2026-01-01,E1,Bristol City,Portsmouth,5,0
2026-01-01,E1,Charlton,Coventry,1,1
2026-01-01,E1,Derby,Middlesbrough,1,0
2026-01-01,E1,Hull,Stoke,0,1
2026-01-01,E1,Ipswich,Oxford,2,1
2026-01-01,E1,Preston,Sheffield Weds,3,0
2026-01-01,E1,QPR,Norwich,1,2
2026-01-01,E1,Southampton,Millwall,0,0
2026-01-01,E1,Swansea,West Brom,1,0
2026-01-01,E1,Watford,Birmingham,3,0
2026-01-01,E1,Sheffield United,Leicester,3,1
2026-01-04,E1,Birmingham,Coventry,3,2
2026-01-04,E1,QPR,Sheffield Weds,3,0
2026-01-04,E1,Blackburn,Charlton,2,2
2026-01-04,E1,Bristol City,Preston,0,2
2026-01-04,E1,Derby,Wrexham,1,2
2026-01-04,E1,Middlesbrough,Southampton,4,0
2026-01-04,E1,Millwall,Swansea,2,1
2026-01-04,E1,Norwich,Stoke,0,2
2026-01-05,E1,Leicester,West Brom,2,1
2026-01-16,E1,West Brom,Middlesbrough,2,3
2026-01-17,E1,Coventry,Leicester,2,1
2026-01-17,E1,Ipswich,Blackburn,3,0
2026-01-17,E1,Watford,Millwall,0,2
2026-01-17,E1,Charlton,Sheffield United,1,0
2026-01-17,E1,Oxford,Bristol City,0,0
2026-01-17,E1,Preston,Derby,0,1
2026-01-17,E1,Sheffield Weds,Portsmouth,0,1
2026-01-17,E1,Southampton,Hull,1,2
2026-01-17,E1,Stoke,QPR,0,0
2026-01-17,E1,Wrexham,Norwich,1,2
2026-01-17,E1,Swansea,Birmingham,1,1
2026-01-20,E1,Charlton,Derby,1,2
2026-01-20,E1,Coventry,Millwall,2,1
2026-01-20,E1,Ipswich,Bristol City,2,0
2026-01-20,E1,Oxford,QPR,0,0
2026-01-20,E1,Preston,Hull,0,3
2026-01-20,E1,Sheffield Weds,Birmingham,0,2
2026-01-20,E1,Swansea,Blackburn,3,1
2026-01-20,E1,West Brom,Norwich,0,5
2026-01-20,E1,Wrexham,Leicester,1,1
2026-01-21,E1,Southampton,Sheffield United,1,0
2026-01-21,E1,Watford,Portsmouth,1,1
2026-01-21,E1,Stoke,Middlesbrough,1,2
2026-01-23,E1,Derby,West Brom,1,1
2026-01-24,E1,Middlesbrough,Preston,4,0
2026-01-24,E1,Millwall,Charlton,4,0
2026-01-24,E1,Birmingham,Stoke,1,1
2026-01-24,E1,Blackburn,Watford,1,1
2026-01-24,E1,Bristol City,Sheffield Weds,2,0
2026-01-24,E1,Hull,Swansea,2,1
2026-01-24,E1,Leicester,Oxford,1,2
2026-01-24,E1,QPR,Wrexham,2,3
2026-01-24,E1,Sheffield United,Ipswich,3,1
2026-01-25,E1,Portsmouth,Southampton,1,1
2026-01-26,E1,Norwich,Coventry,2,1
2026-01-30,E1,Bristol City,Derby,0,5
2026-01-31,E1,Leicester,Charlton,0,2
2026-01-31,E1,Sheffield Weds,Wrexham,0,1
2026-01-31,E1,Stoke,Southampton,0,2
2026-01-31,E1,Blackburn,Hull,0,1
2026-01-31,E1,Ipswich,Preston,1,1
2026-01-31,E1,Middlesbrough,Norwich,1,0
2026-01-31,E1,Millwall,Sheffield United,1,1
2026-01-31,E1,Oxford,Birmingham,0,2
2026-01-31,E1,Portsmouth,West Brom,3,0
2026-01-31,E1,QPR,Coventry,2,1
2026-01-31,E1,Watford,Swansea,0,2
2026-02-03,E1,Blackburn,Sheffield Weds,1,0
2026-02-03,E1,Hull,Watford,0,0
2026-02-03,E1,Sheffield United,Oxford,3,1
2026-02-06,E1,Charlton,QPR,0,0
2026-02-07,E1,Derby,Ipswich,1,2
2026-02-07,E1,Norwich,Blackburn,2,0
2026-02-07,E1,Southampton,Watford,1,0
2026-02-07,E1,Birmingham,Leicester,2,1
2026-02-07,E1,Coventry,Oxford,0,0
2026-02-07,E1,Hull,Bristol City,2,3
2026-02-07,E1,Preston,Portsmouth,1,0
2026-02-07,E1,West Brom,Stoke,0,0
2026-02-07,E1,Wrexham,Millwall,0,2
2026-02-08,E1,Swansea,Sheffield Weds,4,0
2026-02-09,E1,Sheffield United,Middlesbrough,1,2
2026-02-10,E1,Leicester,Southampton,3,4
2026-02-10,E1,Oxford,Norwich,0,3
2026-02-10,E1,Birmingham,West Brom,0,0
2026-02-11,E1,Charlton,Stoke,1,0
2026-02-14,E1,Derby,Swansea,2,0
2026-02-14,E1,Portsmouth,Sheffield United,0,1
2026-02-14,E1,Preston,Watford,2,2
2026-02-14,E1,QPR,Blackburn,1,3
2026-02-14,E1,Sheffield Weds,Millwall,1,2
2026-02-16,E1,Coventry,Middlesbrough,3,1
2026-02-17,E1,Bristol City,Wrexham,2,2
2026-02-17,E1,Charlton,Portsmouth,1,3
2026-02-20,E1,Blackburn,Preston,1,0
2026-02-21,E1,Hull,QPR,1,3
2026-02-21,E1,Stoke,Leicester,2,2
2026-02-21,E1,Swansea,Bristol City,1,0
2026-02-21,E1,West Brom,Coventry,0,2
2026-02-21,E1,Middlesbrough,Oxford,0,0
2026-02-21,E1,Millwall,Portsmouth,1,3
2026-02-21,E1,Norwich,Birmingham,1,2
2026-02-21,E1,Southampton,Charlton,1,1
2026-02-21,E1,Watford,Derby,2,0
2026-02-21,E1,Wrexham,Ipswich,5,3
2026-02-22,E1,Sheffield United,Sheffield Weds,2,1
2026-02-24,E1,Blackburn,Bristol City,1,2
2026-02-24,E1,Hull,Derby,4,2
2026-02-24,E1,Middlesbrough,Leicester,1,1
2026-02-24,E1,Swansea,Preston,1,1
2026-02-24,E1,Watford,Ipswich,0,2
2026-02-24,E1,West Brom,Charlton,1,1
2026-02-24,E1,Wrexham,Portsmouth,2,1
2026-02-24,E1,Southampton,QPR,5,0
2026-02-25,E1,Millwall,Birmingham,3,0
2026-02-25,E1,Norwich,Sheffield Weds,2,0
2026-02-25,E1,Sheffield United,Coventry,1,2
2026-02-25,E1,Stoke,Oxford,2,1
2026-02-27,E1,Bristol City,Watford,1,2
2026-02-28,E1,Derby,Blackburn,3,1
2026-02-28,E1,Leicester,Norwich,0,2
2026-02-28,E1,Portsmouth,Hull,0,1
2026-02-28,E1,Charlton,Wrexham,0,1
2026-02-28,E1,Coventry,Stoke,2,1
2026-02-28,E1,Ipswich,Swansea,3,0
2026-02-28,E1,Oxford,West Brom,2,1
2026-02-28,E1,Preston,Millwall,0,2
2026-02-28,E1,QPR,Sheffield United,0,2
2026-02-28,E1,Sheffield Weds,Southampton,1,3
2026-03-02,E1,Birmingham,Middlesbrough,1,3
2026-03-03,E1,Ipswich,Hull,1,0
2026-03-06,E1,Preston,Oxford,1,3
2026-03-07,E1,Blackburn,Portsmouth,1,1
2026-03-07,E1,Hull,Millwall,1,3
2026-03-07,E1,Bristol City,Coventry,0,2
2026-03-07,E1,Charlton,Birmingham,1,0
2026-03-07,E1,Derby,Sheffield Weds,2,1
2026-03-07,E1,Ipswich,Leicester,1,1
2026-03-07,E1,Sheffield United,West Brom,1,1
2026-03-07,E1,Swansea,Stoke,2,0
2026-03-08,E1,QPR,Middlesbrough,0,4
2026-03-10,E1,Leicester,Bristol City,2,0
2026-03-10,E1,Millwall,Derby,1,0
2026-03-10,E1,Portsmouth,Swansea,1,2
2026-03-10,E1,Sheffield Weds,Watford,1,1
2026-03-10,E1,Wrexham,Hull,1,2
2026-03-10,E1,Stoke,Ipswich,3,3
2026-03-11,E1,Birmingham,QPR,1,0
2026-03-11,E1,Middlesbrough,Charlton,0,1
2026-03-11,E1,Norwich,Sheffield United,2,1
2026-03-11,E1,Oxford,Blackburn,1,0
2026-03-11,E1,West Brom,Southampton,1,1
2026-03-11,E1,Coventry,Preston,3,0
2026-03-13,E1,Wrexham,Swansea,2,0
2026-03-14,E1,Coventry,Southampton,1,2
2026-03-14,E1,Middlesbrough,Bristol City,1,1
2026-03-14,E1,Oxford,Charlton,1,1
2026-03-14,E1,Birmingham,Sheffield United,1,1
2026-03-14,E1,Leicester,QPR,1,3
2026-03-14,E1,Millwall,Blackburn,1,2
2026-03-14,E1,Norwich,Preston,2,0
2026-03-14,E1,Sheffield Weds,Ipswich,0,2
2026-03-14,E1,Stoke,Watford,3,1
2026-03-14,E1,West Brom,Hull,3,0
2026-03-16,E1,Portsmouth,Derby,0,1
2026-03-17,E1,Watford,Wrexham,3,1
2026-03-18,E1,Southampton,Norwich,1,0
2026-03-20,E1,Preston,Stoke,3,1
2026-03-21,E1,Blackburn,Middlesbrough,0,0
2026-03-21,E1,Derby,Birmingham,1,0
2026-03-21,E1,Ipswich,Millwall,1,1
2026-03-21,E1,Bristol City,West Brom,0,1
2026-03-21,E1,Charlton,Norwich,0,1
2026-03-21,E1,Hull,Sheffield Weds,3,1
2026-03-21,E1,QPR,Portsmouth,6,1
2026-03-21,E1,Sheffield United,Wrexham,1,2
2026-03-21,E1,Southampton,Oxford,2,0
2026-03-21,E1,Watford,Leicester,0,0
2026-03-21,E1,Swansea,Coventry,0,3
2026-04-03,E1,Middlesbrough,Millwall,1,2
2026-04-03,E1,Birmingham,Blackburn,0,1
2026-04-03,E1,Charlton,Bristol City,1,2
2026-04-03,E1,Leicester,Preston,2,2
2026-04-03,E1,Norwich,Portsmouth,1,1
2026-04-03,E1,Oxford,Hull,1,1
2026-04-03,E1,QPR,Watford,2,1
2026-04-03,E1,Sheffield United,Swansea,3,3
2026-04-03,E1,Stoke,Sheffield Weds,2,0
2026-04-03,E1,West Brom,Wrexham,2,2
2026-04-03,E1,Coventry,Derby,3,2
2026-04-06,E1,Portsmouth,Oxford,2,2
2026-04-06,E1,Millwall,Norwich,1,2
2026-04-06,E1,Blackburn,West Brom,0,0
2026-04-06,E1,Bristol City,Sheffield United,1,0
2026-04-06,E1,Derby,Stoke,2,0
2026-04-06,E1,Ipswich,Birmingham,2,1
2026-04-06,E1,Preston,QPR,1,1
2026-04-06,E1,Sheffield Weds,Leicester,1,1
2026-04-06,E1,Watford,Charlton,1,1
2026-04-06,E1,Swansea,Middlesbrough,2,2
2026-04-06,E1,Hull,Coventry,0,0
2026-04-07,E1,Wrexham,Southampton,1,5
2026-04-10,E1,West Brom,Millwall,0,0
2026-04-11,E1,Coventry,Sheffield Weds,0,0
2026-04-11,E1,Norwich,Ipswich,0,2
2026-04-11,E1,QPR,Bristol City,0,0
2026-04-11,E1,Charlton,Preston,1,2
2026-04-11,E1,Leicester,Swansea,0,1
2026-04-11,E1,Middlesbrough,Portsmouth,0,1
2026-04-11,E1,Oxford,Watford,2,0
2026-04-11,E1,Sheffield United,Hull,2,1
2026-04-11,E1,Southampton,Derby,2,1
2026-04-11,E1,Stoke,Blackburn,1,1
2026-04-12,E1,Birmingham,Wrexham,2,0
2026-04-14,E1,Portsmouth,Ipswich,2,0
2026-04-14,E1,Southampton,Blackburn,3,0
2026-04-17,E1,Blackburn,Coventry,1,1
2026-04-18,E1,Derby,Oxford,1,0
2026-04-18,E1,Millwall,QPR,2,0
2026-04-18,E1,Portsmouth,Leicester,1,0
2026-04-18,E1,Bristol City,Norwich,2,4
2026-04-18,E1,Hull,Birmingham,1,1
2026-04-18,E1,Preston,West Brom,0,2
2026-04-18,E1,Sheffield Weds,Charlton,1,1
2026-04-18,E1,Swansea,Southampton,1,2
2026-04-18,E1,Watford,Sheffield United,0,2
2026-04-18,E1,Wrexham,Stoke,2,0
2026-04-19,E1,Ipswich,Middlesbrough,2,2
2026-04-21,E1,Coventry,Portsmouth,5,1
2026-04-21,E1,Leicester,Hull,2,2
2026-04-21,E1,Norwich,Derby,2,1
2026-04-21,E1,Oxford,Wrexham,0,1
2026-04-21,E1,QPR,Swansea,1,2
2026-04-21,E1,Southampton,Bristol City,2,2
2026-04-21,E1,Stoke,Millwall,1,3
2026-04-21,E1,West Brom,Watford,3,0
2026-04-22,E1,Birmingham,Preston,2,1
2026-04-22,E1,Charlton,Ipswich,1,2
2026-04-22,E1,Middlesbrough,Sheffield Weds,1,0
2026-04-22,E1,Sheffield United,Blackburn,1,3
2026-04-24,E1,Leicester,Millwall,1,1
2026-04-25,E1,Charlton,Hull,2,1
2026-04-25,E1,Middlesbrough,Watford,5,1
2026-04-25,E1,West Brom,Ipswich,0,0
2026-04-25,E1,Birmingham,Bristol City,2,1
2026-04-25,E1,Norwich,Swansea,1,1
2026-04-25,E1,Oxford,Sheffield Weds,4,1
2026-04-25,E1,QPR,Derby,2,3
2026-04-25,E1,Sheffield United,Preston,2,3
2026-04-25,E1,Stoke,Portsmouth,1,3
2026-04-26,E1,Coventry,Wrexham,3,1
2026-04-28,E1,Southampton,Ipswich,2,2
2026-05-02,E1,Blackburn,Leicester,0,1
2026-05-02,E1,Bristol City,Stoke,2,0
2026-05-02,E1,Derby,Sheffield United,1,2
2026-05-02,E1,Hull,Norwich,2,1
2026-05-02,E1,Ipswich,QPR,3,0
2026-05-02,E1,Millwall,Oxford,2,0
2026-05-02,E1,Portsmouth,Birmingham,1,1
2026-05-02,E1,Preston,Southampton,1,3
2026-05-02,E1,Sheffield Weds,West Brom,2,1
2026-05-02,E1,Swansea,Charlton,3,1
2026-05-02,E1,Watford,Coventry,0,4
2026-05-02,E1,Wrexham,Middlesbrough,2,2
2023-08-11,PT1,Sp Braga,Famalicao,1,2
2023-08-12,PT1,Gil Vicente,Portimonense,5,0
2023-08-12,PT1,Farense,Casa Pia,0,3
2023-08-12,PT1,Sp Lisbon,Vizela,3,2
2023-08-13,PT1,Rio Ave,Chaves,2,0
2023-08-13,PT1,Estrela,Guimaraes,0,1
2023-08-13,PT1,Arouca,Estoril,4,3
2023-08-14,PT1,Moreirense,Porto,1,2
2023-08-14,PT1,Boavista,Benfica,3,2
2023-08-18,PT1,Casa Pia,Sp Lisbon,1,2
2023-08-19,PT1,Guimaraes,Gil Vicente,2,1
2023-08-19,PT1,Chaves,Sp Braga,2,4
2023-08-19,PT1,Benfica,Estrela,2,0
2023-08-19,PT1,Portimonense,Boavista,1,4
2023-08-20,PT1,Estoril,Rio Ave,2,0
2023-08-20,PT1,Porto,Farense,2,1
2023-08-20,PT1,Vizela,Arouca,2,2
2023-08-21,PT1,Famalicao,Moreirense,0,0
2023-08-25,PT1,Estrela,Estoril,2,1
2023-08-26,PT1,Arouca,Portimonense,1,1
2023-08-26,PT1,Farense,Chaves,5,0
2023-08-26,PT1,Gil Vicente,Benfica,2,3
2023-08-27,PT1,Boavista,Casa Pia,1,1
2023-08-27,PT1,Guimaraes,Vizela,2,0
2023-08-27,PT1,Sp Lisbon,Famalicao,1,0
2023-08-28,PT1,Rio Ave,Porto,1,2
2023-09-01,PT1,Vizela,Gil Vicente,1,0
2023-09-02,PT1,Casa Pia,Rio Ave,1,1
2023-09-02,PT1,Famalicao,Farense,1,0
2023-09-02,PT1,Portimonense,Estrela,1,1
2023-09-02,PT1,Benfica,Guimaraes,4,0
2023-09-03,PT1,Chaves,Moreirense,1,2
2023-09-03,PT1,Estoril,Boavista,1,2
2023-09-03,PT1,Porto,Arouca,1,1
2023-09-03,PT1,Sp Braga,Sp Lisbon,1,1
2023-09-09,PT1,Moreirense,Sp Braga,2,3
2023-09-15,PT1,Estrela,Porto,0,1
2023-09-16,PT1,Rio Ave,Famalicao,1,1
2023-09-16,PT1,Farense,Sp Braga,3,1
2023-09-16,PT1,Vizela,Benfica,1,2
2023-09-17,PT1,Arouca,Casa Pia,0,1
2023-09-17,PT1,Gil Vicente,Estoril,5,3
2023-09-17,PT1,Guimaraes,Portimonense,1,2
2023-09-17,PT1,Sp Lisbon,Moreirense,3,0
2023-09-18,PT1,Boavista,Chaves,4,1
2023-09-22,PT1,Famalicao,Arouca,1,0
2023-09-23,PT1,Estoril,Vizela,2,2
2023-09-23,PT1,Moreirense,Farense,1,0
2023-09-23,PT1,Casa Pia,Guimaraes,0,0
2023-09-23,PT1,Porto,Gil Vicente,2,1
2023-09-24,PT1,Chaves,Estrela,2,2
2023-09-24,PT1,Portimonense,Benfica,1,3
2023-09-24,PT1,Sp Braga,Boavista,4,1
2023-09-25,PT1,Sp Lisbon,Rio Ave,2,0
2023-09-28,PT1,Estrela,Sp Braga,2,4
2023-09-29,PT1,Benfica,Porto,1,0
2023-09-30,PT1,Vizela,Portimonense,2,3
2023-09-30,PT1,Boavista,Famalicao,2,2
2023-09-30,PT1,Farense,Sp Lisbon,2,3
2023-10-01,PT1,Arouca,Chaves,0,2
2023-10-01,PT1,Guimaraes,Estoril,3,2
2023-10-01,PT1,Rio Ave,Moreirense,0,4
2023-10-02,PT1,Gil Vicente,Casa Pia,2,0
2023-10-06,PT1,Moreirense,Boavista,1,1
2023-10-07,PT1,Chaves,Gil Vicente,4,2
2023-10-07,PT1,Farense,Vizela,0,0
2023-10-07,PT1,Sp Braga,Rio Ave,2,1
2023-10-07,PT1,Estoril,Benfica,0,1
2023-10-08,PT1,Casa Pia,Estrela,0,1
2023-10-08,PT1,Famalicao,Guimaraes,1,3
2023-10-08,PT1,Porto,Portimonense,1,0
2023-10-08,PT1,Sp Lisbon,Arouca,2,1
2023-10-27,PT1,Arouca,Moreirense,0,1
2023-10-28,PT1,Portimonense,Estoril,1,0
2023-10-28,PT1,Benfica,Casa Pia,1,1
2023-10-28,PT1,Guimaraes,Chaves,5,0
2023-10-28,PT1,Gil Vicente,Sp Braga,3,3
2023-10-29,PT1,Rio Ave,Farense,3,4
2023-10-29,PT1,Estrela,Famalicao,1,0
2023-10-29,PT1,Vizela,Porto,0,2
2023-10-30,PT1,Boavista,Sp Lisbon,0,2
2023-11-03,PT1,Porto,Estoril,0,1
2023-11-04,PT1,Chaves,Benfica,0,2
2023-11-04,PT1,Famalicao,Gil Vicente,3,1
2023-11-04,PT1,Sp Braga,Portimonense,6,1
2023-11-05,PT1,Casa Pia,Vizela,0,1
2023-11-05,PT1,Moreirense,Guimaraes,1,0
2023-11-05,PT1,Rio Ave,Boavista,2,0
2023-11-05,PT1,Sp Lisbon,Estrela,3,2
2023-11-06,PT1,Farense,Arouca,2,0
2023-11-10,PT1,Estoril,Casa Pia,4,0
2023-11-11,PT1,Portimonense,Chaves,2,1
2023-11-11,PT1,Estrela,Moreirense,0,1
2023-11-11,PT1,Vizela,Famalicao,0,0
2023-11-11,PT1,Guimaraes,Porto,1,2
2023-11-12,PT1,Boavista,Farense,1,3
2023-11-12,PT1,Gil Vicente,Rio Ave,1,1
2023-11-12,PT1,Arouca,Sp Braga,0,1
2023-11-12,PT1,Benfica,Sp Lisbon,2,1
2023-12-01,PT1,Chaves,Vizela,2,1
2023-12-02,PT1,Farense,Guimaraes,1,2
2023-12-02,PT1,Rio Ave,Estrela,1,1
2023-12-02,PT1,Famalicao,Porto,0,3
2023-12-02,PT1,Casa Pia,Portimonense,1,0
2023-12-03,PT1,Sp Braga,Estoril,3,1
2023-12-03,PT1,Moreirense,Benfica,0,0
2023-12-03,PT1,Boavista,Arouca,0,4
2023-12-04,PT1,Sp Lisbon,Gil Vicente,3,1
2023-12-08,PT1,Vizela,Sp Braga,1,3
2023-12-08,PT1,Benfica,Farense,1,1
2023-12-09,PT1,Portimonense,Famalicao,1,1
2023-12-09,PT1,Guimaraes,Sp Lisbon,3,2
2023-12-09,PT1,Porto,Casa Pia,3,1
2023-12-10,PT1,Estrela,Boavista,3,1
2023-12-10,PT1,Arouca,Rio Ave,2,2
2023-12-10,PT1,Estoril,Chaves,4,0
2023-12-11,PT1,Gil Vicente,Moreirense,1,1
2023-12-15,PT1,Farense,Estrela,0,0
2023-12-16,PT1,Rio Ave,Vizela,1,1
2023-12-16,PT1,Arouca,Gil Vicente,3,0
2023-12-16,PT1,Boavista,Guimaraes,1,1
2023-12-17,PT1,Chaves,Casa Pia,1,3
2023-12-17,PT1,Moreirense,Portimonense,5,2
2023-12-17,PT1,Famalicao,Estoril,1,1
2023-12-17,PT1,Sp Braga,Benfica,0,1
2023-12-18,PT1,Sp Lisbon,Porto,2,0
2023-12-23,PT1,Guimaraes,Rio Ave,1,0
2023-12-23,PT1,Vizela,Moreirense,0,0
2023-12-28,PT1,Estrela,Arouca,1,4
2023-12-29,PT1,Benfica,Famalicao,3,0
2023-12-29,PT1,Porto,Chaves,1,0
2023-12-30,PT1,Estoril,Farense,4,0
2023-12-30,PT1,Gil Vicente,Boavista,1,0
2023-12-30,PT1,Casa Pia,Sp Braga,1,3
2023-12-30,PT1,Portimonense,Sp Lisbon,1,2
2024-01-05,PT1,Sp Lisbon,Estoril,5,1
2024-01-05,PT1,Boavista,Porto,1,1
2024-01-06,PT1,Estrela,Vizela,1,1
2024-01-06,PT1,Farense,Gil Vicente,1,0
2024-01-06,PT1,Arouca,Benfica,0,3
2024-01-06,PT1,Sp Braga,Guimaraes,1,1
2024-01-07,PT1,Rio Ave,Portimonense,2,0
2024-01-07,PT1,Famalicao,Chaves,2,2
2024-01-08,PT1,Moreirense,Casa Pia,1,4
2024-01-12,PT1,Portimonense,Farense,1,0
2024-01-13,PT1,Casa Pia,Famalicao,0,2
2024-01-13,PT1,Chaves,Sp Lisbon,0,3
2024-01-13,PT1,Estoril,Moreirense,1,3
2024-01-14,PT1,Gil Vicente,Estrela,1,1
2024-01-14,PT1,Benfica,Rio Ave,4,1
2024-01-14,PT1,Vizela,Boavista,1,4
2024-01-14,PT1,Porto,Sp Braga,2,0
2024-01-15,PT1,Guimaraes,Arouca,2,1
2024-01-18,PT1,Famalicao,Sp Braga,1,2
2024-01-18,PT1,Vizela,Sp Lisbon,2,5
2024-01-19,PT1,Benfica,Boavista,2,0
2024-01-20,PT1,Estoril,Arouca,1,2
2024-01-20,PT1,Casa Pia,Farense,1,3
2024-01-20,PT1,Porto,Moreirense,5,0
2024-01-21,PT1,Portimonense,Gil Vicente,0,2
2024-01-21,PT1,Chaves,Rio Ave,0,0
2024-01-21,PT1,Guimaraes,Estrela,3,0
2024-01-28,PT1,Boavista,Portimonense,1,4
2024-01-28,PT1,Moreirense,Famalicao,1,0
2024-01-28,PT1,Farense,Porto,1,3
2024-01-28,PT1,Arouca,Vizela,5,0
2024-01-28,PT1,Gil Vicente,Guimaraes,1,0
2024-01-29,PT1,Estrela,Benfica,1,4
2024-01-29,PT1,Sp Lisbon,Casa Pia,8,0
2024-01-31,PT1,Rio Ave,Estoril,1,1
2024-01-31,PT1,Sp Braga,Chaves,1,1
2024-02-03,PT1,Portimonense,Arouca,1,2
2024-02-03,PT1,Porto,Rio Ave,0,0
2024-02-04,PT1,Chaves,Farense,1,1
2024-02-04,PT1,Vizela,Guimaraes,0,1
2024-02-04,PT1,Benfica,Gil Vicente,3,0
2024-02-04,PT1,Estoril,Estrela,1,0
2024-02-04,PT1,Sp Braga,Moreirense,1,0
2024-02-05,PT1,Casa Pia,Boavista,0,0
2024-02-09,PT1,Estrela,Portimonense,3,0
2024-02-10,PT1,Farense,Famalicao,1,1
2024-02-10,PT1,Moreirense,Chaves,1,0
2024-02-10,PT1,Boavista,Estoril,2,1
2024-02-11,PT1,Rio Ave,Casa Pia,1,0
2024-02-11,PT1,Sp Lisbon,Sp Braga,5,0
2024-02-11,PT1,Guimaraes,Benfica,2,2
2024-02-12,PT1,Arouca,Porto,3,2
2024-02-13,PT1,Gil Vicente,Vizela,0,1
2024-02-16,PT1,Famalicao,Rio Ave,2,1
2024-02-17,PT1,Chaves,Boavista,2,1
2024-02-17,PT1,Portimonense,Guimaraes,1,1
2024-02-17,PT1,Porto,Estrela,2,0
2024-02-18,PT1,Casa Pia,Arouca,1,0
2024-02-18,PT1,Benfica,Vizela,6,1
2024-02-18,PT1,Estoril,Gil Vicente,1,3
2024-02-18,PT1,Sp Braga,Farense,2,1
2024-02-19,PT1,Moreirense,Sp Lisbon,0,2
2024-02-23,PT1,Arouca,Famalicao,3,2
2024-02-24,PT1,Farense,Moreirense,0,1
2024-02-24,PT1,Estrela,Chaves,1,1
2024-02-24,PT1,Guimaraes,Casa Pia,0,2
2024-02-25,PT1,Vizela,Estoril,3,3
2024-02-25,PT1,Benfica,Portimonense,4,0
2024-02-25,PT1,Gil Vicente,Porto,1,1
2024-02-25,PT1,Rio Ave,Sp Lisbon,3,3
2024-02-26,PT1,Boavista,Sp Braga,0,4
2024-03-01,PT1,Chaves,Arouca,1,5
2024-03-02,PT1,Moreirense,Rio Ave,0,0
2024-03-02,PT1,Estoril,Guimaraes,1,3
2024-03-02,PT1,Sp Braga,Estrela,3,0
2024-03-03,PT1,Casa Pia,Gil Vicente,0,0
2024-03-03,PT1,Portimonense,Vizela,0,0
2024-03-03,PT1,Sp Lisbon,Farense,3,2
2024-03-03,PT1,Porto,Benfica,5,0
2024-03-04,PT1,Famalicao,Boavista,1,1
2024-03-08,PT1,Portimonense,Porto,0,3
2024-03-08,PT1,Estrela,Casa Pia,3,1
2024-03-09,PT1,Vizela,Farense,2,1
2024-03-09,PT1,Boavista,Moreirense,1,0
2024-03-09,PT1,Rio Ave,Sp Braga,0,0
2024-03-09,PT1,Guimaraes,Famalicao,1,0
2024-03-10,PT1,Arouca,Sp Lisbon,0,3
2024-03-10,PT1,Benfica,Estoril,3,1
2024-03-11,PT1,Gil Vicente,Chaves,0,0
2024-03-15,PT1,Estoril,Portimonense,1,0
2024-03-16,PT1,Famalicao,Estrela,0,0
2024-03-16,PT1,Farense,Rio Ave,1,1
2024-03-16,PT1,Sp Braga,Gil Vicente,2,1
2024-03-16,PT1,Porto,Vizela,4,1
2024-03-17,PT1,Chaves,Guimaraes,1,2
2024-03-17,PT1,Moreirense,Arouca,1,0
2024-03-17,PT1,Casa Pia,Benfica,0,1
2024-03-17,PT1,Sp Lisbon,Boavista,6,1
2024-03-29,PT1,Gil Vicente,Famalicao,1,2
2024-03-29,PT1,Benfica,Chaves,1,0
2024-03-29,PT1,Estrela,Sp Lisbon,1,2
2024-03-30,PT1,Arouca,Farense,2,1
2024-03-30,PT1,Guimaraes,Moreirense,1,0
2024-03-30,PT1,Boavista,Rio Ave,0,0
2024-03-30,PT1,Estoril,Porto,1,0
2024-03-31,PT1,Vizela,Casa Pia,0,4
2024-04-01,PT1,Portimonense,Sp Braga,3,5
2024-04-05,PT1,Farense,Boavista,2,0
2024-04-06,PT1,Famalicao,Vizela,3,2
2024-04-06,PT1,Rio Ave,Gil Vicente,3,0
2024-04-06,PT1,Sp Braga,Arouca,0,3
2024-04-06,PT1,Sp Lisbon,Benfica,2,1
2024-04-07,PT1,Chaves,Portimonense,2,3
2024-04-07,PT1,Moreirense,Estrela,2,2
2024-04-07,PT1,Porto,Guimaraes,1,2
2024-04-08,PT1,Casa Pia,Estoril,0,0
2024-04-12,PT1,Gil Vicente,Sp Lisbon,0,4
2024-04-13,PT1,Guimaraes,Farense,1,1
2024-04-13,PT1,Porto,Famalicao,2,2
2024-04-13,PT1,Estoril,Sp Braga,0,1
2024-04-14,PT1,Estrela,Rio Ave,2,2
2024-04-14,PT1,Arouca,Boavista,2,1
2024-04-14,PT1,Portimonense,Casa Pia,2,2
2024-04-14,PT1,Benfica,Moreirense,3,0
2024-04-15,PT1,Vizela,Chaves,0,1
2024-04-16,PT1,Famalicao,Sp Lisbon,0,1
2024-04-19,PT1,Rio Ave,Arouca,1,1
2024-04-20,PT1,Moreirense,Gil Vicente,0,1
2024-04-20,PT1,Boavista,Estrela,1,1
2024-04-20,PT1,Sp Braga,Vizela,2,1
2024-04-21,PT1,Chaves,Estoril,2,2
2024-04-21,PT1,Famalicao,Portimonense,2,2
2024-04-21,PT1,Casa Pia,Porto,1,2
2024-04-21,PT1,Sp Lisbon,Guimaraes,3,0
2024-04-22,PT1,Farense,Benfica,1,3
2024-04-26,PT1,Gil Vicente,Arouca,2,2
2024-04-27,PT1,Casa Pia,Chaves,3,1
2024-04-27,PT1,Vizela,Rio Ave,1,1
2024-04-27,PT1,Benfica,Sp Braga,3,1
2024-04-27,PT1,Guimaraes,Boavista,1,0
2024-04-28,PT1,Portimonense,Moreirense,0,2
2024-04-28,PT1,Estoril,Famalicao,1,0
2024-04-28,PT1,Porto,Sp Lisbon,2,2
2024-04-29,PT1,Estrela,Farense,0,3
2024-05-03,PT1,Moreirense,Vizela,1,0
2024-05-04,PT1,Boavista,Gil Vicente,1,1
2024-05-04,PT1,Rio Ave,Guimaraes,2,1
2024-05-04,PT1,Sp Lisbon,Portimonense,3,0
2024-05-04,PT1,Chaves,Porto,0,3
2024-05-05,PT1,Farense,Estoril,3,2
2024-05-05,PT1,Arouca,Estrela,0,0
2024-05-05,PT1,Sp Braga,Casa Pia,4,3
2024-05-05,PT1,Famalicao,Benfica,2,0
2024-05-10,PT1,Chaves,Famalicao,0,1
2024-05-11,PT1,Portimonense,Rio Ave,2,2
2024-05-11,PT1,Vizela,Estrela,4,0
2024-05-11,PT1,Estoril,Sp Lisbon,0,1
2024-05-11,PT1,Guimaraes,Sp Braga,2,3
2024-05-12,PT1,Gil Vicente,Farense,2,0
2024-05-12,PT1,Benfica,Arouca,5,0
2024-05-12,PT1,Casa Pia,Moreirense,0,1
2024-05-12,PT1,Porto,Boavista,2,1
2024-05-17,PT1,Famalicao,Casa Pia,1,2
2024-05-17,PT1,Rio Ave,Benfica,1,1
2024-05-18,PT1,Arouca,Guimaraes,1,3
2024-05-18,PT1,Boavista,Vizela,2,2
2024-05-18,PT1,Estrela,Gil Vicente,1,0
2024-05-18,PT1,Farense,Portimonense,1,3
2024-05-18,PT1,Moreirense,Estoril,2,1
2024-05-18,PT1,Sp Lisbon,Chaves,3,0
2024-05-18,PT1,Sp Braga,Porto,0,1
2024-08-09,PT1,Sp Lisbon,Rio Ave,3,1
2024-08-10,PT1,AVS,Nacional,1,1
2024-08-10,PT1,Casa Pia,Boavista,0,1
2024-08-10,PT1,Porto,Gil Vicente,3,0
2024-08-11,PT1,Estoril,Santa Clara,1,4
2024-08-11,PT1,Famalicao,Benfica,2,0
2024-08-11,PT1,Farense,Moreirense,1,2
2024-08-11,PT1,Sp Braga,Estrela,1,1
2024-08-12,PT1,Arouca,Guimaraes,0,1
2024-08-16,PT1,Santa Clara,Porto,0,2
2024-08-16,PT1,Gil Vicente,AVS,4,2
2024-08-17,PT1,Rio Ave,Farense,1,0
2024-08-17,PT1,Nacional,Sp Lisbon,1,6
2024-08-17,PT1,Benfica,Casa Pia,3,0
2024-08-18,PT1,Moreirense,Arouca,3,1
2024-08-18,PT1,Guimaraes,Estoril,1,0
2024-08-18,PT1,Boavista,Sp Braga,0,1
2024-08-19,PT1,Estrela,Famalicao,0,3
2024-08-23,PT1,Farense,Sp Lisbon,0,5
2024-08-24,PT1,Casa Pia,Santa Clara,0,2
2024-08-24,PT1,Porto,Rio Ave,2,0
2024-08-24,PT1,Benfica,Estrela,1,0
2024-08-24,PT1,Famalicao,Boavista,1,0
2024-08-25,PT1,Arouca,Nacional,1,0
2024-08-25,PT1,Estoril,Gil Vicente,0,0
2024-08-25,PT1,AVS,Guimaraes,1,0
2024-08-25,PT1,Sp Braga,Moreirense,3,1
2024-08-30,PT1,Moreirense,Benfica,1,1
2024-08-31,PT1,Santa Clara,AVS,2,1
2024-08-31,PT1,Boavista,Estoril,0,0
2024-08-31,PT1,Estrela,Casa Pia,0,1
2024-08-31,PT1,Sp Lisbon,Porto,2,0
2024-09-01,PT1,Nacional,Farense,2,0
2024-09-01,PT1,Rio Ave,Arouca,1,0
2024-09-01,PT1,Gil Vicente,Sp Braga,0,0
2024-09-01,PT1,Guimaraes,Famalicao,2,1
2024-09-13,PT1,Arouca,Sp Lisbon,0,3
2024-09-14,PT1,Casa Pia,Moreirense,3,1
2024-09-14,PT1,AVS,Rio Ave,1,0
2024-09-14,PT1,Benfica,Santa Clara,4,1
2024-09-14,PT1,Famalicao,Gil Vicente,1,1
2024-09-15,PT1,Porto,Farense,2,1
2024-09-15,PT1,Estoril,Nacional,1,0
2024-09-15,PT1,Sp Braga,Guimaraes,0,2
2024-09-16,PT1,Estrela,Boavista,2,2
2024-09-20,PT1,Nacional,Sp Braga,0,3
2024-09-21,PT1,Rio Ave,Estoril,2,2
2024-09-21,PT1,Santa Clara,Estrela,1,0
2024-09-21,PT1,Guimaraes,Porto,0,3
2024-09-21,PT1,Moreirense,Famalicao,0,0
2024-09-22,PT1,Gil Vicente,Casa Pia,1,1
2024-09-22,PT1,Farense,Arouca,0,1
2024-09-22,PT1,Sp Lisbon,AVS,3,0
2024-09-23,PT1,Boavista,Benfica,0,3
2024-09-27,PT1,Estoril,Sp Lisbon,0,3
2024-09-28,PT1,Estrela,Moreirense,2,1
2024-09-28,PT1,Casa Pia,Guimaraes,1,1
2024-09-28,PT1,Benfica,Gil Vicente,5,1
2024-09-29,PT1,Famalicao,Nacional,0,0
2024-09-29,PT1,Porto,Arouca,4,0
2024-09-29,PT1,Santa Clara,Boavista,1,0
2024-09-29,PT1,Sp Braga,Rio Ave,4,0
2024-09-30,PT1,AVS,Farense,0,0
2024-10-04,PT1,Rio Ave,Famalicao,1,1
2024-10-05,PT1,Gil Vicente,Estrela,3,0
2024-10-05,PT1,Moreirense,Santa Clara,1,0
2024-10-05,PT1,Arouca,AVS,1,1
2024-10-05,PT1,Sp Lisbon,Casa Pia,2,0
2024-10-06,PT1,Farense,Estoril,1,0
2024-10-06,PT1,Guimaraes,Boavista,2,2
2024-10-06,PT1,Porto,Sp Braga,2,1
2024-10-25,PT1,Casa Pia,Nacional,1,0
2024-10-25,PT1,Santa Clara,Gil Vicente,2,1
2024-10-26,PT1,Estoril,Arouca,4,1
2024-10-26,PT1,Boavista,Moreirense,0,2
2024-10-26,PT1,Famalicao,Sp Lisbon,0,3
2024-10-27,PT1,Sp Braga,Farense,2,0
2024-10-27,PT1,Benfica,Rio Ave,5,0
2024-10-27,PT1,Estrela,Guimaraes,2,2
2024-10-28,PT1,AVS,Porto,0,5
2024-11-01,PT1,Sp Lisbon,Estrela,5,1
2024-11-02,PT1,Rio Ave,Casa Pia,2,2
2024-11-02,PT1,Farense,Benfica,1,2
2024-11-02,PT1,Gil Vicente,Boavista,1,2
2024-11-03,PT1,AVS,Famalicao,2,3
2024-11-03,PT1,Arouca,Sp Braga,1,2
2024-11-03,PT1,Guimaraes,Moreirense,1,0
2024-11-03,PT1,Porto,Estoril,4,0
2024-11-04,PT1,Nacional,Santa Clara,2,0
2024-11-08,PT1,Moreirense,Gil Vicente,3,2
2024-11-09,PT1,Casa Pia,Farense,1,1
2024-11-09,PT1,Estoril,AVS,0,0
2024-11-09,PT1,Famalicao,Arouca,0,0
2024-11-09,PT1,Boavista,Rio Ave,0,2
2024-11-10,PT1,Estrela,Nacional,2,0
2024-11-10,PT1,Santa Clara,Guimaraes,1,0
2024-11-10,PT1,Sp Braga,Sp Lisbon,2,4
2024-11-10,PT1,Benfica,Porto,4,1
2024-11-29,PT1,Farense,Estrela,1,0
2024-11-30,PT1,Rio Ave,Moreirense,3,2
2024-11-30,PT1,Nacional,Boavista,0,0
2024-11-30,PT1,Sp Lisbon,Santa Clara,0,1
2024-12-01,PT1,Estoril,Famalicao,2,1
2024-12-01,PT1,Arouca,Benfica,0,2
2024-12-01,PT1,AVS,Sp Braga,0,1
2024-12-02,PT1,Guimaraes,Gil Vicente,4,0
2024-12-02,PT1,Porto,Casa Pia,2,0
2024-12-05,PT1,Moreirense,Sp Lisbon,2,1
2024-12-06,PT1,Sp Braga,Estoril,2,2
2024-12-07,PT1,Gil Vicente,Nacional,2,1
2024-12-07,PT1,Benfica,Guimaraes,1,0
2024-12-07,PT1,Santa Clara,Rio Ave,1,0
2024-12-07,PT1,Famalicao,Porto,1,1
2024-12-08,PT1,Boavista,Farense,1,1
2024-12-08,PT1,Casa Pia,AVS,1,1
2024-12-09,PT1,Estrela,Arouca,2,1
2024-12-14,PT1,Farense,Gil Vicente,0,1
2024-12-14,PT1,Nacional,Moreirense,1,0
2024-12-14,PT1,Sp Lisbon,Boavista,3,2
2024-12-15,PT1,Arouca,Santa Clara,1,0
2024-12-15,PT1,AVS,Benfica,1,1
2024-12-15,PT1,Estoril,Casa Pia,0,2
2024-12-16,PT1,Sp Braga,Famalicao,3,3
2024-12-16,PT1,Porto,Estrela,2,0
2024-12-16,PT1,Rio Ave,Guimaraes,2,2
2024-12-19,PT1,Nacional,Benfica,0,2
2024-12-20,PT1,Casa Pia,Arouca,3,1
2024-12-21,PT1,Famalicao,Farense,1,2
2024-12-21,PT1,Boavista,AVS,0,0
2024-12-21,PT1,Moreirense,Porto,0,3
2024-12-22,PT1,Santa Clara,Sp Braga,0,2
2024-12-22,PT1,Gil Vicente,Sp Lisbon,0,0
2024-12-23,PT1,Benfica,Estoril,3,0
2024-12-23,PT1,Guimaraes,Nacional,2,2
2024-12-23,PT1,Estrela,Rio Ave,1,0
2024-12-27,PT1,Arouca,Gil Vicente,1,1
2024-12-28,PT1,AVS,Estrela,1,1
2024-12-28,PT1,Estoril,Moreirense,2,2
2024-12-28,PT1,Porto,Boavista,4,0
2024-12-29,PT1,Farense,Guimaraes,2,2
2024-12-29,PT1,Rio Ave,Nacional,2,1
2024-12-29,PT1,Sp Braga,Casa Pia,1,2
2024-12-29,PT1,Sp Lisbon,Benfica,1,0
2024-12-30,PT1,Famalicao,Santa Clara,1,2
2025-01-03,PT1,Guimaraes,Sp Lisbon,4,4
2025-01-04,PT1,Moreirense,AVS,1,1
2025-01-04,PT1,Benfica,Sp Braga,1,2
2025-01-04,PT1,Boavista,Arouca,1,3
2025-01-05,PT1,Santa Clara,Farense,0,0
2025-01-05,PT1,Casa Pia,Famalicao,1,1
2025-01-05,PT1,Estrela,Estoril,2,4
2025-01-06,PT1,Gil Vicente,Rio Ave,1,1
2025-01-12,PT1,Nacional,Porto,2,0
2025-01-17,PT1,Benfica,Famalicao,4,0
2025-01-18,PT1,Santa Clara,Estoril,2,3
2025-01-18,PT1,Rio Ave,Sp Lisbon,0,3
2025-01-18,PT1,Guimaraes,Arouca,2,2
2025-01-19,PT1,Moreirense,Farense,0,0
2025-01-19,PT1,Nacional,AVS,3,1
2025-01-19,PT1,Estrela,Sp Braga,0,1
2025-01-19,PT1,Gil Vicente,Porto,3,1
2025-01-20,PT1,Boavista,Casa Pia,2,3
2025-01-24,PT1,Arouca,Moreirense,1,0
2025-01-25,PT1,Famalicao,Estrela,0,0
2025-01-25,PT1,Farense,Rio Ave,1,2
2025-01-25,PT1,Casa Pia,Benfica,3,1
2025-01-25,PT1,Sp Lisbon,Nacional,2,0
2025-01-26,PT1,Estoril,Guimaraes,1,0
2025-01-26,PT1,Porto,Santa Clara,1,1
2025-01-26,PT1,Sp Braga,Boavista,3,0
2025-01-27,PT1,AVS,Gil Vicente,1,0
2025-01-31,PT1,Boavista,Famalicao,0,2
2025-02-01,PT1,Nacional,Arouca,1,2
2025-02-01,PT1,Santa Clara,Casa Pia,2,1
2025-02-01,PT1,Gil Vicente,Estoril,1,2
2025-02-01,PT1,Guimaraes,AVS,2,0
2025-02-02,PT1,Sp Lisbon,Farense,3,1
2025-02-02,PT1,Estrela,Benfica,2,3
2025-02-03,PT1,Moreirense,Sp Braga,1,2
2025-02-03,PT1,Rio Ave,Porto,2,2
2025-02-07,PT1,Porto,Sp Lisbon,1,1
2025-02-08,PT1,AVS,Santa Clara,1,2
2025-02-08,PT1,Benfica,Moreirense,3,2
2025-02-08,PT1,Famalicao,Guimaraes,0,0
2025-02-09,PT1,Estoril,Boavista,2,1
2025-02-09,PT1,Farense,Nacional,0,2
2025-02-09,PT1,Sp Braga,Gil Vicente,2,0
2025-02-09,PT1,Casa Pia,Estrela,1,0
2025-02-10,PT1,Arouca,Rio Ave,1,1
2025-02-14,PT1,Boavista,Estrela,0,1
2025-02-15,PT1,Moreirense,Casa Pia,3,2
2025-02-15,PT1,Nacional,Estoril,2,2
2025-02-15,PT1,Santa Clara,Benfica,0,1
2025-02-15,PT1,Sp Lisbon,Arouca,2,2
2025-02-16,PT1,Rio Ave,AVS,1,1
2025-02-16,PT1,Farense,Porto,0,1
2025-02-16,PT1,Guimaraes,Sp Braga,0,0
2025-02-17,PT1,Gil Vicente,Famalicao,0,2
2025-02-21,PT1,Sp Braga,Nacional,1,0
2025-02-22,PT1,Casa Pia,Gil Vicente,1,0
2025-02-22,PT1,Benfica,Boavista,3,0
2025-02-22,PT1,Estoril,Rio Ave,2,1
2025-02-23,PT1,Arouca,Farense,2,2
2025-02-23,PT1,Estrela,Santa Clara,0,0
2025-02-23,PT1,AVS,Sp Lisbon,2,2
2025-02-23,PT1,Famalicao,Moreirense,2,0
2025-02-24,PT1,Porto,Guimaraes,1,1
2025-03-01,PT1,Nacional,Famalicao,2,1
2025-03-01,PT1,Arouca,Porto,0,2
2025-03-01,PT1,Guimaraes,Casa Pia,1,0
2025-03-02,PT1,Boavista,Santa Clara,1,0
2025-03-02,PT1,Moreirense,Estrela,1,1
2025-03-02,PT1,Farense,AVS,0,1
2025-03-02,PT1,Rio Ave,Sp Braga,2,1
2025-03-03,PT1,Sp Lisbon,Estoril,3,1
2025-03-07,PT1,Estrela,Gil Vicente,1,1
2025-03-08,PT1,AVS,Arouca,0,1
2025-03-08,PT1,Benfica,Nacional,3,0
2025-03-08,PT1,Estoril,Farense,2,2
2025-03-08,PT1,Sp Braga,Porto,1,0
2025-03-09,PT1,Santa Clara,Moreirense,1,1
2025-03-09,PT1,Casa Pia,Sp Lisbon,1,3
2025-03-09,PT1,Boavista,Guimaraes,1,2
2025-03-10,PT1,Famalicao,Rio Ave,1,0
2025-03-15,PT1,Farense,Sp Braga,0,1
2025-03-15,PT1,Gil Vicente,Santa Clara,0,1
2025-03-15,PT1,Porto,AVS,2,0
2025-03-15,PT1,Sp Lisbon,Famalicao,3,1
2025-03-16,PT1,Arouca,Estoril,1,1
2025-03-16,PT1,Nacional,Casa Pia,3,1
2025-03-16,PT1,Rio Ave,Benfica,2,3
2025-03-16,PT1,Guimaraes,Estrela,2,0
2025-03-16,PT1,Moreirense,Boavista,1,0
2025-03-28,PT1,Gil Vicente,Benfica,0,3
2025-03-29,PT1,Casa Pia,Rio Ave,2,1
2025-03-29,PT1,Estrela,Sp Lisbon,0,3
2025-03-29,PT1,Sp Braga,Arouca,2,1
2025-03-30,PT1,Famalicao,AVS,4,1
2025-03-30,PT1,Santa Clara,Nacional,1,0
2025-03-30,PT1,Estoril,Porto,1,2
2025-03-30,PT1,Moreirense,Guimaraes,2,2
2025-04-01,PT1,Boavista,Gil Vicente,1,3
2025-04-02,PT1,Benfica,Farense,3,2
2025-04-04,PT1,AVS,Estoril,0,3
2025-04-05,PT1,Arouca,Famalicao,1,2
2025-04-05,PT1,Guimaraes,Santa Clara,2,0
2025-04-06,PT1,Gil Vicente,Moreirense,0,1
2025-04-06,PT1,Nacional,Estrela,0,1
2025-04-06,PT1,Porto,Benfica,1,4
2025-04-07,PT1,Farense,Casa Pia,0,0
2025-04-07,PT1,Rio Ave,Boavista,0,2
2025-04-07,PT1,Sp Lisbon,Sp Braga,1,1
2025-04-11,PT1,Gil Vicente,Guimaraes,0,1
2025-04-12,PT1,Boavista,Nacional,0,1
2025-04-12,PT1,Famalicao,Estoril,3,0
2025-04-12,PT1,Santa Clara,Sp Lisbon,0,1
2025-04-12,PT1,Casa Pia,Porto,0,1
2025-04-13,PT1,Estrela,Farense,0,1
2025-04-13,PT1,Benfica,Arouca,2,2
2025-04-13,PT1,Sp Braga,AVS,4,1
2025-04-13,PT1,Moreirense,Rio Ave,0,2
2025-04-18,PT1,Farense,Boavista,0,1
2025-04-18,PT1,Rio Ave,Santa Clara,1,1
2025-04-18,PT1,Porto,Famalicao,2,1
2025-04-18,PT1,Sp Lisbon,Moreirense,3,1
2025-04-19,PT1,AVS,Casa Pia,1,1
2025-04-19,PT1,Nacional,Gil Vicente,0,3
2025-04-19,PT1,Arouca,Estrela,1,0
2025-04-19,PT1,Estoril,Sp Braga,0,2
2025-04-19,PT1,Guimaraes,Benfica,0,3
2025-04-25,PT1,Famalicao,Sp Braga,1,1
2025-04-26,PT1,Santa Clara,Arouca,2,0
2025-04-26,PT1,Gil Vicente,Farense,1,0
2025-04-26,PT1,Estrela,Porto,2,0
2025-04-27,PT1,Moreirense,Nacional,1,1
2025-04-27,PT1,Benfica,AVS,6,0
2025-04-27,PT1,Guimaraes,Rio Ave,3,0
2025-04-27,PT1,Boavista,Sp Lisbon,0,5
2025-04-29,PT1,Casa Pia,Estoril,1,3
2025-05-02,PT1,Porto,Moreirense,3,1
2025-05-03,PT1,Farense,Famalicao,2,1
2025-05-03,PT1,Nacional,Guimaraes,1,2
2025-05-03,PT1,Sp Braga,Santa Clara,1,1
2025-05-03,PT1,Estoril,Benfica,1,2
2025-05-04,PT1,Arouca,Casa Pia,0,0
2025-05-04,PT1,Sp Lisbon,Gil Vicente,2,1
2025-05-05,PT1,Rio Ave,Estrela,2,0
2025-05-05,PT1,AVS,Boavista,1,2
2025-05-10,PT1,Nacional,Rio Ave,3,3
2025-05-10,PT1,Santa Clara,Famalicao,2,1
2025-05-10,PT1,Benfica,Sp Lisbon,1,1
2025-05-10,PT1,Casa Pia,Sp Braga,2,1
2025-05-10,PT1,Gil Vicente,Arouca,1,1
2025-05-11,PT1,Estrela,AVS,0,1
2025-05-11,PT1,Guimaraes,Farense,1,2
2025-05-11,PT1,Moreirense,Estoril,2,2
2025-05-11,PT1,Boavista,Porto,1,2
2025-05-16,PT1,Famalicao,Casa Pia,2,1
2025-05-16,PT1,Rio Ave,Gil Vicente,1,1
2025-05-17,PT1,Arouca,Boavista,4,1
2025-05-17,PT1,AVS,Moreirense,0,3
2025-05-17,PT1,Estoril,Estrela,4,0
2025-05-17,PT1,Farense,Santa Clara,1,2
2025-05-17,PT1,Porto,Nacional,3,0
2025-05-17,PT1,Sp Braga,Benfica,1,1
2025-05-17,PT1,Sp Lisbon,Guimaraes,2,0
2025-08-08,PT1,Casa Pia,Sp Lisbon,0,2
2025-08-09,PT1,Nacional,Gil Vicente,0,2
2025-08-09,PT1,Arouca,AVS,3,1
2025-08-10,PT1,Famalicao,Santa Clara,3,0
2025-08-10,PT1,Moreirense,Alverca,2,1
2025-08-10,PT1,Sp Braga,Tondela,3,0
2025-08-11,PT1,Estoril,Estrela,1,1
2025-08-11,PT1,Porto,Guimaraes,3,0
2025-08-15,PT1,AVS,Casa Pia,0,2
2025-08-16,PT1,Tondela,Famalicao,0,1
2025-08-16,PT1,Guimaraes,Estoril,3,2
2025-08-16,PT1,Estrela,Benfica,0,1
2025-08-17,PT1,Rio Ave,Nacional,1,1
2025-08-17,PT1,Alverca,Sp Braga,0,3
2025-08-17,PT1,Santa Clara,Moreirense,0,1
2025-08-17,PT1,Sp Lisbon,Arouca,6,0
2025-08-18,PT1,Gil Vicente,Porto,0,2
2025-08-23,PT1,Moreirense,Guimaraes,2,0
2025-08-23,PT1,Nacional,Sp Lisbon,1,4
2025-08-23,PT1,Arouca,Rio Ave,3,3
2025-08-23,PT1,Benfica,Tondela,3,0
2025-08-24,PT1,Famalicao,Gil Vicente,0,0
2025-08-24,PT1,Porto,Casa Pia,4,0
2025-08-24,PT1,Sp Braga,AVS,2,2
2025-08-25,PT1,Estrela,Alverca,2,2
2025-08-29,PT1,Gil Vicente,Moreirense,2,0
2025-08-30,PT1,Casa Pia,Nacional,0,2
2025-08-30,PT1,AVS,Famalicao,0,1
2025-08-30,PT1,Guimaraes,Arouca,1,1
2025-08-30,PT1,Sp Lisbon,Porto,1,2
2025-08-31,PT1,Tondela,Estoril,2,2
2025-08-31,PT1,Alverca,Benfica,1,2
2025-08-31,PT1,Rio Ave,Sp Braga,2,2
2025-08-31,PT1,Santa Clara,Estrela,0,0
2025-09-06,PT1,Estoril,Santa Clara,0,1
2025-09-12,PT1,Alverca,Tondela,1,0
2025-09-12,PT1,Benfica,Santa Clara,1,1
2025-09-13,PT1,Estoril,AVS,3,1
2025-09-13,PT1,Moreirense,Rio Ave,3,1
2025-09-13,PT1,Porto,Nacional,1,0
2025-09-13,PT1,Famalicao,Sp Lisbon,1,2
2025-09-14,PT1,Estrela,Guimaraes,0,2
2025-09-14,PT1,Arouca,Casa Pia,0,2
2025-09-14,PT1,Sp Braga,Gil Vicente,0,1
2025-09-19,PT1,Rio Ave,Porto,0,3
2025-09-20,PT1,Nacional,Arouca,1,2
2025-09-20,PT1,Santa Clara,Alverca,2,1
2025-09-20,PT1,AVS,Benfica,0,3
2025-09-20,PT1,Guimaraes,Sp Braga,1,1
2025-09-21,PT1,Tondela,Estrela,0,0
2025-09-21,PT1,Gil Vicente,Estoril,2,0
2025-09-21,PT1,Casa Pia,Famalicao,1,1
2025-09-22,PT1,Sp Lisbon,Moreirense,3,0
2025-09-23,PT1,Benfica,Rio Ave,1,1
2025-09-26,PT1,Benfica,Gil Vicente,2,1
2025-09-27,PT1,Moreirense,Casa Pia,2,1
2025-09-27,PT1,Santa Clara,Tondela,1,2
2025-09-27,PT1,Estrela,AVS,3,0
2025-09-27,PT1,Estoril,Sp Lisbon,0,1
2025-09-28,PT1,Alverca,Guimaraes,2,0
2025-09-28,PT1,Sp Braga,Nacional,0,1
2025-09-28,PT1,Famalicao,Rio Ave,0,0
2025-09-29,PT1,Arouca,Porto,0,4
2025-10-03,PT1,Casa Pia,Estoril,2,2
2025-10-04,PT1,Gil Vicente,Estrela,2,0
2025-10-04,PT1,Nacional,Moreirense,3,2
2025-10-04,PT1,AVS,Alverca,1,3
2025-10-04,PT1,Guimaraes,Santa Clara,2,1
2025-10-05,PT1,Arouca,Famalicao,1,1
2025-10-05,PT1,Rio Ave,Tondela,3,0
2025-10-05,PT1,Sp Lisbon,Sp Braga,1,1
2025-10-05,PT1,Porto,Benfica,0,0
2025-10-24,PT1,Alverca,Gil Vicente,0,4
2025-10-25,PT1,Santa Clara,AVS,2,0
2025-10-25,PT1,Benfica,Arouca,5,0
2025-10-25,PT1,Estrela,Rio Ave,1,2
2025-10-26,PT1,Estoril,Nacional,1,1
2025-10-26,PT1,Famalicao,Guimaraes,2,0
2025-10-26,PT1,Tondela,Sp Lisbon,0,3
2025-10-26,PT1,Sp Braga,Casa Pia,4,0
2025-10-27,PT1,Moreirense,Porto,1,2
2025-10-31,PT1,Sp Lisbon,Alverca,2,0
2025-11-01,PT1,Nacional,Famalicao,0,1
2025-11-01,PT1,Casa Pia,Estrela,3,5
2025-11-01,PT1,Rio Ave,Estoril,0,4
2025-11-01,PT1,Guimaraes,Benfica,0,3
2025-11-02,PT1,AVS,Tondela,2,2
2025-11-02,PT1,Arouca,Moreirense,0,2
2025-11-02,PT1,Porto,Sp Braga,2,1
2025-11-03,PT1,Gil Vicente,Santa Clara,1,0
2025-11-07,PT1,Estoril,Arouca,4,3
2025-11-08,PT1,Alverca,Rio Ave,1,1
2025-11-08,PT1,Tondela,Guimaraes,0,1
2025-11-08,PT1,Santa Clara,Sp Lisbon,1,2
2025-11-09,PT1,AVS,Gil Vicente,1,1
2025-11-09,PT1,Estrela,Nacional,1,1
2025-11-09,PT1,Famalicao,Porto,0,1
2025-11-09,PT1,Benfica,Casa Pia,2,2
2025-11-09,PT1,Sp Braga,Moreirense,2,1
2025-11-28,PT1,Guimaraes,AVS,4,0
2025-11-29,PT1,Casa Pia,Alverca,0,2
2025-11-29,PT1,Moreirense,Famalicao,2,2
2025-11-29,PT1,Nacional,Benfica,1,2
2025-11-29,PT1,Gil Vicente,Tondela,0,1
2025-11-30,PT1,Rio Ave,Santa Clara,1,1
2025-11-30,PT1,Sp Lisbon,Estrela,4,0
2025-11-30,PT1,Porto,Estoril,1,0
2025-12-01,PT1,Arouca,Sp Braga,0,4
2025-12-05,PT1,Benfica,Sp Lisbon,1,1
2025-12-06,PT1,Santa Clara,Casa Pia,1,0
2025-12-06,PT1,AVS,Rio Ave,1,2
2025-12-06,PT1,Famalicao,Sp Braga,1,2
2025-12-07,PT1,Estoril,Moreirense,3,3
2025-12-07,PT1,Alverca,Nacional,1,0
2025-12-07,PT1,Estrela,Arouca,3,1
2025-12-07,PT1,Tondela,Porto,0,2
2025-12-08,PT1,Guimaraes,Gil Vicente,0,0
2025-12-13,PT1,Casa Pia,Gil Vicente,1,1
2025-12-13,PT1,Rio Ave,Guimaraes,0,1
2025-12-13,PT1,Sp Lisbon,AVS,6,0
2025-12-14,PT1,Famalicao,Estoril,4,0
2025-12-14,PT1,Moreirense,Benfica,0,4
2025-12-14,PT1,Arouca,Alverca,1,0
2025-12-15,PT1,Nacional,Tondela,3,1
2025-12-15,PT1,Sp Braga,Santa Clara,1,0
2025-12-15,PT1,Porto,Estrela,3,1
2025-12-19,PT1,Estoril,Sp Braga,1,0
2025-12-20,PT1,Gil Vicente,Rio Ave,2,2
2025-12-20,PT1,Estrela,Moreirense,0,0
2025-12-21,PT1,AVS,Nacional,2,2
2025-12-21,PT1,Tondela,Casa Pia,1,2
2025-12-21,PT1,Santa Clara,Arouca,0,0
2025-12-22,PT1,Alverca,Porto,0,3
2025-12-22,PT1,Benfica,Famalicao,1,0
2025-12-23,PT1,Guimaraes,Sp Lisbon,1,4
2025-12-27,PT1,Famalicao,Estrela,2,3
2025-12-27,PT1,Estoril,Alverca,4,1
2025-12-28,PT1,Arouca,Gil Vicente,2,2
2025-12-28,PT1,Casa Pia,Guimaraes,0,0
2025-12-28,PT1,Sp Braga,Benfica,2,2
2025-12-28,PT1,Sp Lisbon,Rio Ave,4,0
2025-12-29,PT1,Porto,AVS,2,0
2026-01-02,PT1,Gil Vicente,Sp Lisbon,1,1
2026-01-02,PT1,Guimaraes,Nacional,2,1
2026-01-03,PT1,Tondela,Arouca,3,1
2026-01-03,PT1,Benfica,Estoril,3,1
2026-01-03,PT1,Estrela,Sp Braga,3,3
2026-01-03,PT1,AVS,Moreirense,0,2
2026-01-04,PT1,Rio Ave,Casa Pia,3,1
2026-01-04,PT1,Santa Clara,Porto,0,1
2026-01-04,PT1,Alverca,Famalicao,1,0
2026-01-11,PT1,Nacional,Santa Clara,3,3
2026-01-11,PT1,Moreirense,Tondela,1,0
2026-01-16,PT1,Sp Lisbon,Casa Pia,3,0
2026-01-17,PT1,Gil Vicente,Nacional,2,1
2026-01-17,PT1,Alverca,Moreirense,2,1
2026-01-17,PT1,AVS,Arouca,0,1
2026-01-17,PT1,Rio Ave,Benfica,0,2
2026-01-18,PT1,Santa Clara,Famalicao,0,1
2026-01-18,PT1,Tondela,Sp Braga,0,1
2026-01-18,PT1,Guimaraes,Porto,0,1
2026-01-19,PT1,Estrela,Estoril,0,5
2026-01-23,PT1,Casa Pia,AVS,3,3
2026-01-24,PT1,Moreirense,Santa Clara,1,0
2026-01-24,PT1,Arouca,Sp Lisbon,1,2
2026-01-24,PT1,Estoril,Guimaraes,4,2
2026-01-25,PT1,Nacional,Rio Ave,4,0
2026-01-25,PT1,Benfica,Estrela,4,0
2026-01-25,PT1,Famalicao,Tondela,3,0
2026-01-25,PT1,Sp Braga,Alverca,5,0
2026-01-26,PT1,Porto,Gil Vicente,3,0
2026-01-30,PT1,Guimaraes,Moreirense,1,0
2026-01-31,PT1,Santa Clara,Estoril,2,4
2026-01-31,PT1,Rio Ave,Arouca,0,3
2026-01-31,PT1,Alverca,Estrela,1,1
2026-02-01,PT1,Gil Vicente,Famalicao,5,0
2026-02-01,PT1,Sp Lisbon,Nacional,2,1
2026-02-01,PT1,Tondela,Benfica,0,0
2026-02-02,PT1,AVS,Sp Braga,0,4
2026-02-02,PT1,Casa Pia,Porto,2,1
2026-02-07,PT1,Estrela,Santa Clara,1,0
2026-02-07,PT1,Moreirense,Gil Vicente,1,2
2026-02-07,PT1,Estoril,Tondela,2,2
2026-02-07,PT1,Arouca,Guimaraes,3,2
2026-02-08,PT1,Nacional,Casa Pia,0,0
2026-02-08,PT1,Sp Braga,Rio Ave,3,0
2026-02-08,PT1,Benfica,Alverca,2,1
2026-02-09,PT1,Famalicao,AVS,3,1
2026-02-09,PT1,Porto,Sp Lisbon,1,1
2026-02-13,PT1,Santa Clara,Benfica,1,2
2026-02-13,PT1,Tondela,Alverca,1,1
2026-02-14,PT1,Casa Pia,Arouca,3,2
2026-02-14,PT1,Guimaraes,Estrela,2,1
2026-02-14,PT1,Gil Vicente,Sp Braga,2,1
2026-02-15,PT1,Nacional,Porto,0,1
2026-02-15,PT1,AVS,Estoril,3,0
2026-02-15,PT1,Sp Lisbon,Famalicao,1,0
2026-02-16,PT1,Rio Ave,Moreirense,1,2
2026-02-20,PT1,Estrela,Tondela,0,2
2026-02-21,PT1,Alverca,Santa Clara,1,1
2026-02-21,PT1,Arouca,Nacional,3,0
2026-02-21,PT1,Benfica,AVS,3,0
2026-02-21,PT1,Moreirense,Sp Lisbon,0,3
2026-02-21,PT1,Sp Braga,Guimaraes,3,2
2026-02-22,PT1,Estoril,Gil Vicente,3,1
2026-02-22,PT1,Porto,Rio Ave,1,0
2026-02-23,PT1,Famalicao,Casa Pia,2,0
2026-02-27,PT1,Porto,Arouca,3,1
2026-02-27,PT1,Sp Lisbon,Estoril,3,0
2026-02-28,PT1,AVS,Estrela,0,0
2026-02-28,PT1,Nacional,Sp Braga,1,2
2026-02-28,PT1,Guimaraes,Alverca,1,1
2026-03-01,PT1,Tondela,Santa Clara,2,2
2026-03-01,PT1,Casa Pia,Moreirense,1,1
2026-03-01,PT1,Rio Ave,Famalicao,0,0
2026-03-02,PT1,Gil Vicente,Benfica,1,2
2026-03-06,PT1,Famalicao,Arouca,1,0
2026-03-07,PT1,Alverca,AVS,0,0
2026-03-07,PT1,Moreirense,Nacional,1,1
2026-03-07,PT1,Sp Braga,Sp Lisbon,2,2
2026-03-07,PT1,Estoril,Casa Pia,0,0
2026-03-08,PT1,Estrela,Gil Vicente,2,2
2026-03-08,PT1,Benfica,Porto,2,2
2026-03-08,PT1,Santa Clara,Guimaraes,2,0
2026-03-09,PT1,Tondela,Rio Ave,0,1
2026-03-14,PT1,Guimaraes,Famalicao,1,2
2026-03-14,PT1,Gil Vicente,Alverca,2,2
2026-03-14,PT1,Arouca,Benfica,1,2
2026-03-15,PT1,AVS,Santa Clara,0,1
2026-03-15,PT1,Nacional,Estoril,0,1
2026-03-15,PT1,Rio Ave,Estrela,2,1
2026-03-15,PT1,Porto,Moreirense,3,0
2026-03-20,PT1,Estrela,Casa Pia,4,0
2026-03-21,PT1,Famalicao,Nacional,1,0
2026-03-21,PT1,Moreirense,Arouca,0,1
2026-03-21,PT1,Benfica,Guimaraes,3,0
2026-03-21,PT1,Santa Clara,Gil Vicente,1,0
2026-03-21,PT1,Tondela,AVS,0,0
2026-03-22,PT1,Estoril,Rio Ave,1,2
2026-03-22,PT1,Alverca,Sp Lisbon,1,4
2026-03-22,PT1,Sp Braga,Porto,1,2
2026-04-03,PT1,Gil Vicente,AVS,3,0
2026-04-03,PT1,Guimaraes,Tondela,5,0
2026-04-03,PT1,Sp Lisbon,Santa Clara,4,2
2026-04-04,PT1,Nacional,Estrela,2,0
2026-04-04,PT1,Moreirense,Sp Braga,0,1
2026-04-04,PT1,Rio Ave,Alverca,1,2
2026-04-04,PT1,Porto,Famalicao,2,2
2026-04-06,PT1,Arouca,Estoril,3,2
2026-04-06,PT1,Casa Pia,Benfica,1,1
2026-04-10,PT1,Famalicao,Moreirense,1,1
2026-04-11,PT1,AVS,Guimaraes,1,1
2026-04-11,PT1,Santa Clara,Rio Ave,0,2
2026-04-11,PT1,Estrela,Sp Lisbon,0,1
2026-04-12,PT1,Alverca,Casa Pia,3,1
2026-04-12,PT1,Benfica,Nacional,2,0
2026-04-12,PT1,Sp Braga,Arouca,1,0
2026-04-12,PT1,Estoril,Porto,1,3
2026-04-13,PT1,Tondela,Gil Vicente,2,2
2026-04-17,PT1,Rio Ave,AVS,2,2
2026-04-18,PT1,Nacional,Alverca,1,0
2026-04-18,PT1,Casa Pia,Santa Clara,0,0
2026-04-18,PT1,Gil Vicente,Guimaraes,0,1
2026-04-19,PT1,Arouca,Estrela,1,0
2026-04-19,PT1,Sp Lisbon,Benfica,1,2
2026-04-19,PT1,Porto,Tondela,2,0
2026-04-19,PT1,Sp Braga,Famalicao,2,2
2026-04-20,PT1,Moreirense,Estoril,1,0
2026-04-23,PT1,Casa Pia,Sp Braga,0,1
2026-04-24,PT1,Alverca,Arouca,2,1
2026-04-25,PT1,Tondela,Nacional,0,2
2026-04-25,PT1,Benfica,Moreirense,4,1
2026-04-25,PT1,Guimaraes,Rio Ave,2,0
2026-04-26,PT1,Estoril,Famalicao,0,1
2026-04-26,PT1,Estrela,Porto,1,2
2026-04-26,PT1,Santa Clara,Sp Braga,2,1
2026-04-26,PT1,AVS,Sp Lisbon,1,1
2026-04-27,PT1,Gil Vicente,Casa Pia,2,1
2026-04-29,PT1,Sp Lisbon,Tondela,2,2
2026-05-02,PT1,Arouca,Santa Clara,2,2
2026-05-02,PT1,Moreirense,Estrela,3,2
2026-05-02,PT1,Nacional,AVS,1,2
2026-05-02,PT1,Famalicao,Benfica,2,2
2026-05-02,PT1,Porto,Alverca,1,0
2026-05-03,PT1,Casa Pia,Tondela,0,1
2026-05-03,PT1,Sp Braga,Estoril,1,1
2026-05-03,PT1,Rio Ave,Gil Vicente,0,0
2026-05-04,PT1,Sp Lisbon,Guimaraes,5,1
2026-05-10,PT1,AVS,Porto,3,1
2026-05-10,PT1,Alverca,Estoril,1,1
2026-05-11,PT1,Benfica,Sp Braga,2,2
2026-05-11,PT1,Estrela,Famalicao,0,0
2026-05-11,PT1,Gil Vicente,Arouca,1,3
2026-05-11,PT1,Guimaraes,Casa Pia,0,1
2026-05-11,PT1,Rio Ave,Sp Lisbon,1,4
2026-05-11,PT1,Santa Clara,Nacional,2,0
2026-05-11,PT1,Tondela,Moreirense,2,0
2026-05-16,PT1,Moreirense,AVS,0,0
2026-05-16,PT1,Porto,Santa Clara,1,0
2026-05-16,PT1,Arouca,Tondela,3,1
2026-05-16,PT1,Casa Pia,Rio Ave,1,1
2026-05-16,PT1,Nacional,Guimaraes,2,0
2026-05-16,PT1,Sp Braga,Estrela,2,2
2026-05-16,PT1,Estoril,Benfica,1,3
2026-05-16,PT1,Famalicao,Alverca,1,0
2026-05-16,PT1,Sp Lisbon,Gil Vicente,3,0
2023-08-11,SP1,Almeria,Vallecano,0,2
2023-08-11,SP1,Sevilla,Valencia,1,2
2023-08-12,SP1,Sociedad,Girona,1,1
2023-08-12,SP1,Las Palmas,Mallorca,1,1
2023-08-12,SP1,Ath Bilbao,Real Madrid,0,2
2023-08-13,SP1,Celta,Osasuna,0,2
2023-08-13,SP1,Villarreal,Betis,1,2
2023-08-13,SP1,Getafe,Barcelona,0,0
2023-08-14,SP1,Cadiz,Alaves,1,0
2023-08-14,SP1,Ath Madrid,Granada,3,1
2023-08-18,SP1,Mallorca,Villarreal,0,1
2023-08-18,SP1,Valencia,Las Palmas,1,0
2023-08-19,SP1,Sociedad,Celta,1,1
2023-08-19,SP1,Almeria,Real Madrid,1,3
2023-08-19,SP1,Osasuna,Ath Bilbao,0,2
2023-08-20,SP1,Girona,Getafe,3,0
2023-08-20,SP1,Barcelona,Cadiz,2,0
2023-08-20,SP1,Betis,Ath Madrid,0,0
2023-08-21,SP1,Alaves,Sevilla,4,3
2023-08-21,SP1,Granada,Vallecano,0,2
2023-08-25,SP1,Las Palmas,Sociedad,0,0
2023-08-25,SP1,Celta,Real Madrid,0,1
2023-08-26,SP1,Cadiz,Almeria,1,1
2023-08-26,SP1,Granada,Mallorca,3,2
2023-08-26,SP1,Sevilla,Girona,1,2
2023-08-27,SP1,Villarreal,Barcelona,3,4
2023-08-27,SP1,Valencia,Osasuna,1,2
2023-08-27,SP1,Ath Bilbao,Betis,4,2
2023-08-28,SP1,Getafe,Alaves,1,0
2023-08-28,SP1,Vallecano,Ath Madrid,0,7
2023-09-01,SP1,Cadiz,Villarreal,3,1
2023-09-01,SP1,Almeria,Celta,2,3
2023-09-02,SP1,Sociedad,Granada,5,3
2023-09-02,SP1,Real Madrid,Getafe,2,1
2023-09-02,SP1,Alaves,Valencia,1,0
2023-09-02,SP1,Betis,Vallecano,1,0
2023-09-03,SP1,Girona,Las Palmas,1,0
2023-09-03,SP1,Mallorca,Ath Bilbao,0,0
2023-09-03,SP1,Osasuna,Barcelona,1,2
2023-09-15,SP1,Vallecano,Alaves,2,0
2023-09-16,SP1,Ath Bilbao,Cadiz,3,0
2023-09-16,SP1,Valencia,Ath Madrid,3,0
2023-09-16,SP1,Celta,Mallorca,0,1
2023-09-16,SP1,Barcelona,Betis,5,0
2023-09-17,SP1,Getafe,Osasuna,3,2
2023-09-17,SP1,Villarreal,Almeria,2,1
2023-09-17,SP1,Sevilla,Las Palmas,1,0
2023-09-17,SP1,Real Madrid,Sociedad,2,1
2023-09-18,SP1,Granada,Girona,2,4
2023-09-22,SP1,Alaves,Ath Bilbao,0,2
2023-09-23,SP1,Girona,Mallorca,5,3
2023-09-23,SP1,Osasuna,Sevilla,0,0
2023-09-23,SP1,Barcelona,Celta,3,2
2023-09-23,SP1,Almeria,Valencia,2,2
2023-09-24,SP1,Sociedad,Getafe,4,3
2023-09-24,SP1,Vallecano,Villarreal,1,1
2023-09-24,SP1,Betis,Cadiz,1,1
2023-09-24,SP1,Las Palmas,Granada,1,0
2023-09-24,SP1,Ath Madrid,Real Madrid,3,1
2023-09-26,SP1,Sevilla,Almeria,5,1
2023-09-26,SP1,Mallorca,Barcelona,2,2
2023-09-27,SP1,Ath Bilbao,Getafe,2,2
2023-09-27,SP1,Real Madrid,Las Palmas,2,0
2023-09-27,SP1,Villarreal,Girona,1,2
2023-09-27,SP1,Cadiz,Vallecano,0,0
2023-09-27,SP1,Valencia,Sociedad,0,1
2023-09-28,SP1,Celta,Alaves,1,1
2023-09-28,SP1,Granada,Betis,1,1
2023-09-28,SP1,Osasuna,Ath Madrid,0,2
2023-09-29,SP1,Barcelona,Sevilla,1,0
2023-09-30,SP1,Getafe,Villarreal,0,0
2023-09-30,SP1,Vallecano,Mallorca,2,2
2023-09-30,SP1,Girona,Real Madrid,0,3
2023-09-30,SP1,Sociedad,Ath Bilbao,3,0
2023-10-01,SP1,Almeria,Granada,3,3
2023-10-01,SP1,Alaves,Osasuna,0,2
2023-10-01,SP1,Ath Madrid,Cadiz,3,2
2023-10-01,SP1,Betis,Valencia,3,0
2023-10-02,SP1,Las Palmas,Celta,2,1
2023-10-06,SP1,Ath Bilbao,Almeria,3,0
2023-10-07,SP1,Cadiz,Girona,0,1
2023-10-07,SP1,Real Madrid,Osasuna,4,0
2023-10-07,SP1,Mallorca,Valencia,1,1
2023-10-07,SP1,Sevilla,Vallecano,2,2
2023-10-08,SP1,Villarreal,Las Palmas,1,2
2023-10-08,SP1,Ath Madrid,Sociedad,2,1
2023-10-08,SP1,Alaves,Betis,1,1
2023-10-08,SP1,Celta,Getafe,2,2
2023-10-08,SP1,Granada,Barcelona,2,2
2023-10-20,SP1,Osasuna,Granada,2,0
2023-10-21,SP1,Sociedad,Mallorca,1,0
2023-10-21,SP1,Getafe,Betis,1,1
2023-10-21,SP1,Sevilla,Real Madrid,1,1
2023-10-21,SP1,Celta,Ath Madrid,0,3
2023-10-22,SP1,Las Palmas,Vallecano,0,1
2023-10-22,SP1,Girona,Almeria,5,2
2023-10-22,SP1,Villarreal,Alaves,1,1
2023-10-22,SP1,Barcelona,Ath Bilbao,1,0
2023-10-23,SP1,Valencia,Cadiz,2,0
2023-10-27,SP1,Girona,Celta,1,0
2023-10-28,SP1,Almeria,Las Palmas,1,2
2023-10-28,SP1,Barcelona,Real Madrid,1,2
2023-10-28,SP1,Mallorca,Getafe,0,0
2023-10-28,SP1,Cadiz,Sevilla,2,2
2023-10-29,SP1,Betis,Osasuna,2,1
2023-10-29,SP1,Vallecano,Sociedad,2,2
2023-10-29,SP1,Ath Bilbao,Valencia,2,2
2023-10-29,SP1,Ath Madrid,Alaves,2,1
2023-10-30,SP1,Granada,Villarreal,2,3
2023-11-03,SP1,Las Palmas,Ath Madrid,2,1
2023-11-04,SP1,Osasuna,Girona,2,4
2023-11-04,SP1,Betis,Mallorca,2,0
2023-11-04,SP1,Celta,Sevilla,1,1
2023-11-04,SP1,Sociedad,Barcelona,0,1
2023-11-05,SP1,Alaves,Almeria,1,0
2023-11-05,SP1,Valencia,Granada,1,0
2023-11-05,SP1,Villarreal,Ath Bilbao,2,3
2023-11-05,SP1,Real Madrid,Vallecano,0,0
2023-11-06,SP1,Getafe,Cadiz,1,0
2023-11-10,SP1,Ath Bilbao,Celta,4,3
2023-11-11,SP1,Vallecano,Girona,1,2
2023-11-11,SP1,Almeria,Sociedad,1,3
2023-11-11,SP1,Granada,Getafe,1,1
2023-11-11,SP1,Osasuna,Las Palmas,1,1
2023-11-11,SP1,Real Madrid,Valencia,5,1
2023-11-12,SP1,Barcelona,Alaves,2,1
2023-11-12,SP1,Sevilla,Betis,1,1
2023-11-12,SP1,Ath Madrid,Villarreal,3,1
2023-11-24,SP1,Alaves,Granada,3,1
2023-11-25,SP1,Vallecano,Barcelona,1,1
2023-11-25,SP1,Valencia,Celta,0,0
2023-11-25,SP1,Getafe,Almeria,2,1
2023-11-25,SP1,Ath Madrid,Mallorca,1,0
2023-11-26,SP1,Villarreal,Osasuna,3,1
2023-11-26,SP1,Sociedad,Sevilla,2,1
2023-11-26,SP1,Cadiz,Real Madrid,0,3
2023-11-26,SP1,Betis,Las Palmas,1,0
2023-11-27,SP1,Girona,Ath Bilbao,1,1
2023-11-29,SP1,Mallorca,Cadiz,1,1
2023-12-01,SP1,Las Palmas,Getafe,2,0
2023-12-02,SP1,Girona,Valencia,2,1
2023-12-02,SP1,Ath Bilbao,Vallecano,4,0
2023-12-02,SP1,Real Madrid,Granada,2,0
2023-12-02,SP1,Osasuna,Sociedad,1,1
2023-12-03,SP1,Mallorca,Alaves,0,0
2023-12-03,SP1,Almeria,Betis,0,0
2023-12-03,SP1,Sevilla,Villarreal,1,1
2023-12-03,SP1,Barcelona,Ath Madrid,1,0
2023-12-04,SP1,Celta,Cadiz,1,1
2023-12-08,SP1,Getafe,Valencia,1,0
2023-12-09,SP1,Alaves,Las Palmas,0,1
2023-12-09,SP1,Betis,Real Madrid,1,1
2023-12-09,SP1,Villarreal,Sociedad,0,3
2023-12-09,SP1,Mallorca,Sevilla,1,0
2023-12-10,SP1,Ath Madrid,Almeria,2,1
2023-12-10,SP1,Cadiz,Osasuna,1,1
2023-12-10,SP1,Barcelona,Girona,2,4
2023-12-11,SP1,Granada,Ath Bilbao,1,1
2023-12-11,SP1,Vallecano,Celta,0,0
2023-12-15,SP1,Osasuna,Vallecano,1,0
2023-12-16,SP1,Celta,Granada,1,0
2023-12-16,SP1,Ath Bilbao,Ath Madrid,2,0
2023-12-16,SP1,Sevilla,Getafe,0,3
2023-12-16,SP1,Valencia,Barcelona,1,1
2023-12-17,SP1,Almeria,Mallorca,0,0
2023-12-17,SP1,Sociedad,Betis,0,0
2023-12-17,SP1,Las Palmas,Cadiz,1,1
2023-12-17,SP1,Real Madrid,Villarreal,4,1
2023-12-18,SP1,Girona,Alaves,3,0
2023-12-19,SP1,Vallecano,Valencia,0,1
2023-12-19,SP1,Ath Madrid,Getafe,3,3
2023-12-19,SP1,Granada,Sevilla,0,3
2023-12-20,SP1,Barcelona,Almeria,3,2
2023-12-20,SP1,Ath Bilbao,Las Palmas,1,0
2023-12-20,SP1,Villarreal,Celta,3,2
2023-12-21,SP1,Betis,Girona,1,1
2023-12-21,SP1,Cadiz,Sociedad,0,0
2023-12-21,SP1,Alaves,Real Madrid,0,1
2023-12-21,SP1,Mallorca,Osasuna,3,2
2023-12-23,SP1,Ath Madrid,Sevilla,1,0
2024-01-02,SP1,Getafe,Vallecano,0,2
2024-01-02,SP1,Sociedad,Alaves,1,1
2024-01-02,SP1,Valencia,Villarreal,3,1
2024-01-03,SP1,Granada,Cadiz,2,0
2024-01-03,SP1,Celta,Betis,2,1
2024-01-03,SP1,Real Madrid,Mallorca,1,0
2024-01-03,SP1,Girona,Ath Madrid,4,3
2024-01-04,SP1,Osasuna,Almeria,1,0
2024-01-04,SP1,Sevilla,Ath Bilbao,0,2
2024-01-04,SP1,Las Palmas,Barcelona,1,2
2024-01-12,SP1,Sevilla,Alaves,2,3
2024-01-13,SP1,Las Palmas,Villarreal,3,0
2024-01-13,SP1,Mallorca,Celta,1,1
2024-01-13,SP1,Ath Bilbao,Sociedad,2,1
2024-01-13,SP1,Betis,Granada,1,0
2024-01-14,SP1,Almeria,Girona,0,0
2024-01-14,SP1,Cadiz,Valencia,1,4
2024-01-19,SP1,Alaves,Cadiz,1,0
2024-01-20,SP1,Vallecano,Las Palmas,0,2
2024-01-20,SP1,Villarreal,Mallorca,1,1
2024-01-20,SP1,Valencia,Ath Bilbao,1,0
2024-01-20,SP1,Celta,Sociedad,0,1
2024-01-21,SP1,Osasuna,Getafe,3,2
2024-01-21,SP1,Real Madrid,Almeria,3,2
2024-01-21,SP1,Betis,Barcelona,2,4
2024-01-21,SP1,Girona,Sevilla,5,1
2024-01-22,SP1,Granada,Ath Madrid,0,1
2024-01-26,SP1,Almeria,Alaves,0,3
2024-01-27,SP1,Sociedad,Vallecano,0,0
2024-01-27,SP1,Las Palmas,Real Madrid,1,2
2024-01-27,SP1,Barcelona,Villarreal,3,5
2024-01-27,SP1,Mallorca,Betis,0,1
2024-01-28,SP1,Celta,Girona,0,1
2024-01-28,SP1,Cadiz,Ath Bilbao,0,0
2024-01-28,SP1,Sevilla,Osasuna,1,1
2024-01-28,SP1,Ath Madrid,Valencia,2,0
2024-01-29,SP1,Getafe,Granada,2,0
2024-01-31,SP1,Barcelona,Osasuna,1,0
2024-01-31,SP1,Ath Madrid,Vallecano,2,1
2024-02-01,SP1,Getafe,Real Madrid,0,2
2024-02-02,SP1,Ath Bilbao,Mallorca,4,0
2024-02-03,SP1,Valencia,Almeria,2,1
2024-02-03,SP1,Granada,Las Palmas,1,1
2024-02-03,SP1,Alaves,Barcelona,1,3
2024-02-03,SP1,Girona,Sociedad,0,0
2024-02-04,SP1,Villarreal,Cadiz,0,0
2024-02-04,SP1,Osasuna,Celta,0,3
2024-02-04,SP1,Betis,Getafe,1,1
2024-02-04,SP1,Real Madrid,Ath Madrid,1,1
2024-02-05,SP1,Vallecano,Sevilla,1,2
2024-02-09,SP1,Cadiz,Betis,0,2
2024-02-10,SP1,Alaves,Villarreal,1,1
2024-02-10,SP1,Sociedad,Osasuna,0,1
2024-02-10,SP1,Real Madrid,Girona,4,0
2024-02-10,SP1,Las Palmas,Valencia,2,0
2024-02-11,SP1,Getafe,Celta,3,2
2024-02-11,SP1,Mallorca,Vallecano,2,1
2024-02-11,SP1,Sevilla,Ath Madrid,1,0
2024-02-11,SP1,Barcelona,Granada,3,3
2024-02-12,SP1,Almeria,Ath Bilbao,0,0
2024-02-16,SP1,Villarreal,Getafe,1,1
2024-02-17,SP1,Ath Madrid,Las Palmas,5,0
2024-02-17,SP1,Osasuna,Cadiz,2,0
2024-02-17,SP1,Celta,Barcelona,1,2
2024-02-17,SP1,Valencia,Sevilla,0,0
2024-02-18,SP1,Vallecano,Real Madrid,1,1
2024-02-18,SP1,Granada,Almeria,1,1
2024-02-18,SP1,Mallorca,Sociedad,1,2
2024-02-18,SP1,Betis,Alaves,0,0
2024-02-19,SP1,Ath Bilbao,Girona,3,2
2024-02-23,SP1,Sociedad,Villarreal,1,3
2024-02-24,SP1,Barcelona,Getafe,4,0
2024-02-24,SP1,Alaves,Mallorca,1,1
2024-02-24,SP1,Almeria,Ath Madrid,2,2
2024-02-25,SP1,Cadiz,Celta,2,2
2024-02-25,SP1,Betis,Ath Bilbao,3,1
2024-02-25,SP1,Las Palmas,Osasuna,1,1
2024-02-25,SP1,Real Madrid,Sevilla,1,0
2024-02-26,SP1,Girona,Vallecano,3,0
2024-03-01,SP1,Celta,Almeria,1,0
2024-03-02,SP1,Sevilla,Sociedad,3,2
2024-03-02,SP1,Vallecano,Cadiz,1,1
2024-03-02,SP1,Getafe,Las Palmas,3,3
2024-03-02,SP1,Valencia,Real Madrid,2,2
2024-03-03,SP1,Villarreal,Granada,5,1
2024-03-03,SP1,Ath Madrid,Betis,2,1
2024-03-03,SP1,Mallorca,Girona,1,0
2024-03-03,SP1,Ath Bilbao,Barcelona,0,0
2024-03-04,SP1,Osasuna,Alaves,1,0
2024-03-08,SP1,Barcelona,Mallorca,1,0
2024-03-09,SP1,Valencia,Getafe,1,0
2024-03-09,SP1,Cadiz,Ath Madrid,2,0
2024-03-09,SP1,Granada,Sociedad,2,3
2024-03-09,SP1,Girona,Osasuna,2,0
2024-03-10,SP1,Alaves,Vallecano,1,0
2024-03-10,SP1,Las Palmas,Ath Bilbao,0,2
2024-03-10,SP1,Real Madrid,Celta,4,0
2024-03-10,SP1,Betis,Villarreal,2,3
2024-03-11,SP1,Almeria,Sevilla,2,2
2024-03-15,SP1,Sociedad,Cadiz,2,0
2024-03-16,SP1,Mallorca,Granada,1,0
2024-03-16,SP1,Osasuna,Real Madrid,2,4
2024-03-16,SP1,Getafe,Girona,1,0
2024-03-16,SP1,Ath Bilbao,Alaves,2,0
2024-03-17,SP1,Sevilla,Celta,1,2
2024-03-17,SP1,Las Palmas,Almeria,0,1
2024-03-17,SP1,Villarreal,Valencia,1,0
2024-03-17,SP1,Vallecano,Betis,2,0
2024-03-17,SP1,Ath Madrid,Barcelona,0,3
2024-03-29,SP1,Cadiz,Granada,1,0
2024-03-30,SP1,Getafe,Sevilla,0,1
2024-03-30,SP1,Almeria,Osasuna,0,3
2024-03-30,SP1,Valencia,Mallorca,0,0
2024-03-30,SP1,Barcelona,Las Palmas,1,0
2024-03-31,SP1,Celta,Vallecano,0,0
2024-03-31,SP1,Girona,Betis,3,2
2024-03-31,SP1,Alaves,Sociedad,0,1
2024-03-31,SP1,Real Madrid,Ath Bilbao,2,0
2024-04-01,SP1,Villarreal,Ath Madrid,1,2
2024-04-04,SP1,Granada,Valencia,0,1
2024-04-12,SP1,Betis,Celta,2,1
2024-04-13,SP1,Ath Madrid,Girona,3,1
2024-04-13,SP1,Vallecano,Getafe,0,0
2024-04-13,SP1,Mallorca,Real Madrid,0,1
2024-04-13,SP1,Cadiz,Barcelona,0,1
2024-04-14,SP1,Las Palmas,Sevilla,0,2
2024-04-14,SP1,Granada,Alaves,2,0
2024-04-14,SP1,Ath Bilbao,Villarreal,1,1
2024-04-14,SP1,Sociedad,Almeria,2,2
2024-04-15,SP1,Osasuna,Valencia,0,1
2024-04-19,SP1,Ath Bilbao,Granada,1,1
2024-04-20,SP1,Celta,Las Palmas,4,1
2024-04-20,SP1,Vallecano,Osasuna,2,1
2024-04-20,SP1,Valencia,Betis,1,2
2024-04-20,SP1,Girona,Cadiz,4,1
2024-04-21,SP1,Getafe,Sociedad,1,1
2024-04-21,SP1,Almeria,Villarreal,1,2
2024-04-21,SP1,Alaves,Ath Madrid,2,0
2024-04-21,SP1,Real Madrid,Barcelona,3,2
2024-04-22,SP1,Sevilla,Mallorca,2,1
2024-04-26,SP1,Sociedad,Real Madrid,0,1
2024-04-27,SP1,Las Palmas,Girona,0,2
2024-04-27,SP1,Almeria,Getafe,1,3
2024-04-27,SP1,Alaves,Celta,3,0
2024-04-27,SP1,Ath Madrid,Ath Bilbao,3,1
2024-04-28,SP1,Cadiz,Mallorca,1,1
2024-04-28,SP1,Granada,Osasuna,3,0
2024-04-28,SP1,Villarreal,Vallecano,3,0
2024-04-28,SP1,Betis,Sevilla,1,1
2024-04-29,SP1,Barcelona,Valencia,4,2
2024-05-03,SP1,Getafe,Ath Bilbao,0,2
2024-05-04,SP1,Sociedad,Las Palmas,2,0
2024-05-04,SP1,Real Madrid,Cadiz,3,0
2024-05-04,SP1,Girona,Barcelona,4,2
2024-05-04,SP1,Mallorca,Ath Madrid,0,1
2024-05-05,SP1,Osasuna,Betis,0,2
2024-05-05,SP1,Celta,Villarreal,3,2
2024-05-05,SP1,Valencia,Alaves,0,1
2024-05-05,SP1,Sevilla,Granada,3,0
2024-05-05,SP1,Vallecano,Almeria,0,1
2024-05-10,SP1,Alaves,Girona,2,2
2024-05-11,SP1,Mallorca,Las Palmas,1,0
2024-05-11,SP1,Villarreal,Sevilla,3,2
2024-05-11,SP1,Granada,Real Madrid,0,4
2024-05-11,SP1,Ath Bilbao,Osasuna,2,2
2024-05-12,SP1,Cadiz,Getafe,1,0
2024-05-12,SP1,Ath Madrid,Celta,1,0
2024-05-12,SP1,Valencia,Vallecano,0,0
2024-05-12,SP1,Betis,Almeria,3,2
2024-05-13,SP1,Barcelona,Sociedad,2,0
2024-05-14,SP1,Osasuna,Mallorca,1,1
2024-05-14,SP1,Real Madrid,Alaves,5,0
2024-05-14,SP1,Girona,Villarreal,0,1
2024-05-15,SP1,Sevilla,Cadiz,0,1
2024-05-15,SP1,Vallecano,Granada,2,1
2024-05-15,SP1,Celta,Ath Bilbao,2,1
2024-05-15,SP1,Getafe,Ath Madrid,0,3
2024-05-16,SP1,Las Palmas,Betis,2,2
2024-05-16,SP1,Almeria,Barcelona,0,2
2024-05-16,SP1,Sociedad,Valencia,1,0
2024-05-18,SP1,Alaves,Getafe,1,0
2024-05-19,SP1,Ath Bilbao,Sevilla,2,0
2024-05-19,SP1,Ath Madrid,Osasuna,1,4
2024-05-19,SP1,Barcelona,Vallecano,3,0
2024-05-19,SP1,Betis,Sociedad,0,2
2024-05-19,SP1,Cadiz,Las Palmas,0,0
2024-05-19,SP1,Granada,Celta,1,2
2024-05-19,SP1,Mallorca,Almeria,2,2
2024-05-19,SP1,Valencia,Girona,1,3
2024-05-19,SP1,Villarreal,Real Madrid,4,4
2024-05-24,SP1,Girona,Granada,7,0
2024-05-25,SP1,Osasuna,Villarreal,1,1
2024-05-25,SP1,Sociedad,Ath Madrid,0,2
2024-05-25,SP1,Almeria,Cadiz,6,1
2024-05-25,SP1,Vallecano,Ath Bilbao,0,1
2024-05-25,SP1,Real Madrid,Betis,0,0
2024-05-26,SP1,Getafe,Mallorca,1,2
2024-05-26,SP1,Celta,Valencia,2,2
2024-05-26,SP1,Las Palmas,Alaves,1,1
2024-05-26,SP1,Sevilla,Barcelona,1,2
2024-08-15,SP1,Ath Bilbao,Getafe,1,1
2024-08-15,SP1,Betis,Girona,1,1
2024-08-16,SP1,Celta,Alaves,2,1
2024-08-16,SP1,Las Palmas,Sevilla,2,2
2024-08-17,SP1,Osasuna,Leganes,1,1
2024-08-17,SP1,Valencia,Barcelona,1,2
2024-08-18,SP1,Sociedad,Vallecano,1,2
2024-08-18,SP1,Mallorca,Real Madrid,1,1
2024-08-19,SP1,Valladolid,Espanol,1,0
2024-08-19,SP1,Villarreal,Ath Madrid,2,2
2024-08-23,SP1,Celta,Valencia,3,1
2024-08-23,SP1,Sevilla,Villarreal,1,2
2024-08-24,SP1,Osasuna,Mallorca,1,0
2024-08-24,SP1,Barcelona,Ath Bilbao,2,1
2024-08-24,SP1,Espanol,Sociedad,0,1
2024-08-24,SP1,Getafe,Vallecano,0,0
2024-08-25,SP1,Real Madrid,Valladolid,3,0
2024-08-25,SP1,Leganes,Las Palmas,2,1
2024-08-25,SP1,Alaves,Betis,0,0
2024-08-25,SP1,Ath Madrid,Girona,3,0
2024-08-26,SP1,Villarreal,Celta,4,3
2024-08-27,SP1,Mallorca,Sevilla,0,0
2024-08-27,SP1,Vallecano,Barcelona,1,2
2024-08-28,SP1,Ath Bilbao,Valencia,1,0
2024-08-28,SP1,Valladolid,Leganes,0,0
2024-08-28,SP1,Ath Madrid,Espanol,0,0
2024-08-28,SP1,Sociedad,Alaves,1,2
2024-08-29,SP1,Girona,Osasuna,4,0
2024-08-29,SP1,Las Palmas,Real Madrid,1,1
2024-08-31,SP1,Barcelona,Valladolid,7,0
2024-08-31,SP1,Ath Bilbao,Ath Madrid,0,1
2024-08-31,SP1,Espanol,Vallecano,2,1
2024-08-31,SP1,Leganes,Mallorca,0,1
2024-08-31,SP1,Valencia,Villarreal,1,1
2024-09-01,SP1,Alaves,Las Palmas,2,0
2024-09-01,SP1,Osasuna,Celta,3,2
2024-09-01,SP1,Sevilla,Girona,0,2
2024-09-01,SP1,Getafe,Sociedad,0,0
2024-09-01,SP1,Real Madrid,Betis,2,0
2024-09-13,SP1,Betis,Leganes,2,0
2024-09-14,SP1,Mallorca,Villarreal,1,2
2024-09-14,SP1,Espanol,Alaves,3,2
2024-09-14,SP1,Sevilla,Getafe,1,0
2024-09-14,SP1,Sociedad,Real Madrid,0,2
2024-09-15,SP1,Celta,Valladolid,3,1
2024-09-15,SP1,Girona,Barcelona,1,4
2024-09-15,SP1,Las Palmas,Ath Bilbao,2,3
2024-09-15,SP1,Ath Madrid,Valencia,3,0
2024-09-16,SP1,Vallecano,Osasuna,3,1
2024-09-17,SP1,Mallorca,Sociedad,1,0
2024-09-18,SP1,Betis,Getafe,2,1
2024-09-19,SP1,Leganes,Ath Bilbao,0,2
2024-09-20,SP1,Alaves,Sevilla,2,1
2024-09-21,SP1,Valladolid,Sociedad,0,0
2024-09-21,SP1,Osasuna,Las Palmas,2,1
2024-09-21,SP1,Valencia,Girona,2,0
2024-09-21,SP1,Real Madrid,Espanol,4,1
2024-09-22,SP1,Getafe,Leganes,1,1
2024-09-22,SP1,Ath Bilbao,Celta,3,1
2024-09-22,SP1,Villarreal,Barcelona,1,5
2024-09-22,SP1,Vallecano,Ath Madrid,1,1
2024-09-23,SP1,Betis,Mallorca,1,2
2024-09-24,SP1,Sevilla,Valladolid,2,1
2024-09-24,SP1,Valencia,Osasuna,0,0
2024-09-24,SP1,Real Madrid,Alaves,3,2
2024-09-25,SP1,Girona,Vallecano,0,0
2024-09-25,SP1,Barcelona,Getafe,1,0
2024-09-26,SP1,Espanol,Villarreal,1,2
2024-09-26,SP1,Las Palmas,Betis,1,1
2024-09-26,SP1,Celta,Ath Madrid,0,1
2024-09-27,SP1,Valladolid,Mallorca,1,2
2024-09-28,SP1,Getafe,Alaves,2,0
2024-09-28,SP1,Vallecano,Leganes,1,1
2024-09-28,SP1,Sociedad,Valencia,3,0
2024-09-28,SP1,Osasuna,Barcelona,4,2
2024-09-29,SP1,Celta,Girona,1,1
2024-09-29,SP1,Ath Bilbao,Sevilla,1,1
2024-09-29,SP1,Betis,Espanol,1,0
2024-09-29,SP1,Ath Madrid,Real Madrid,1,1
2024-09-30,SP1,Villarreal,Las Palmas,3,1
2024-10-04,SP1,Leganes,Valencia,0,0
2024-10-05,SP1,Espanol,Mallorca,2,1
2024-10-05,SP1,Getafe,Osasuna,1,1
2024-10-05,SP1,Las Palmas,Celta,0,1
2024-10-05,SP1,Valladolid,Vallecano,1,2
2024-10-05,SP1,Real Madrid,Villarreal,2,0
2024-10-06,SP1,Girona,Ath Bilbao,2,1
2024-10-06,SP1,Alaves,Barcelona,0,3
2024-10-06,SP1,Sevilla,Betis,1,0
2024-10-06,SP1,Sociedad,Ath Madrid,1,1
2024-10-18,SP1,Alaves,Valladolid,2,3
2024-10-19,SP1,Ath Bilbao,Espanol,4,1
2024-10-19,SP1,Osasuna,Betis,1,2
2024-10-19,SP1,Girona,Sociedad,0,1
2024-10-19,SP1,Celta,Real Madrid,1,2
2024-10-20,SP1,Mallorca,Vallecano,1,0
2024-10-20,SP1,Ath Madrid,Leganes,3,1
2024-10-20,SP1,Villarreal,Getafe,1,1
2024-10-20,SP1,Barcelona,Sevilla,5,1
2024-10-21,SP1,Valencia,Las Palmas,2,3
2024-10-25,SP1,Espanol,Sevilla,0,2
2024-10-26,SP1,Valladolid,Villarreal,1,2
2024-10-26,SP1,Vallecano,Alaves,1,0
2024-10-26,SP1,Las Palmas,Girona,1,0
2024-10-26,SP1,Real Madrid,Barcelona,0,4
2024-10-27,SP1,Leganes,Celta,3,0
2024-10-27,SP1,Getafe,Valencia,1,1
2024-10-27,SP1,Betis,Ath Madrid,1,0
2024-10-27,SP1,Sociedad,Osasuna,0,2
2024-10-28,SP1,Mallorca,Ath Bilbao,0,0
2024-11-01,SP1,Alaves,Mallorca,1,0
2024-11-02,SP1,Osasuna,Valladolid,1,0
2024-11-02,SP1,Girona,Leganes,4,3
2024-11-03,SP1,Ath Madrid,Las Palmas,2,0
2024-11-03,SP1,Barcelona,Espanol,3,1
2024-11-03,SP1,Sevilla,Sociedad,0,2
2024-11-03,SP1,Ath Bilbao,Betis,1,1
2024-11-04,SP1,Celta,Getafe,1,0
2024-11-08,SP1,Vallecano,Las Palmas,1,3
2024-11-09,SP1,Real Madrid,Osasuna,4,0
2024-11-09,SP1,Villarreal,Alaves,3,0
2024-11-09,SP1,Leganes,Sevilla,1,0
2024-11-10,SP1,Betis,Celta,2,2
2024-11-10,SP1,Mallorca,Ath Madrid,0,1
2024-11-10,SP1,Getafe,Girona,0,1
2024-11-10,SP1,Valladolid,Ath Bilbao,1,1
2024-11-10,SP1,Sociedad,Barcelona,1,0
2024-11-22,SP1,Getafe,Valladolid,2,0
2024-11-23,SP1,Valencia,Betis,4,2
2024-11-23,SP1,Ath Madrid,Alaves,2,1
2024-11-23,SP1,Girona,Espanol,4,1
2024-11-23,SP1,Las Palmas,Mallorca,2,3
2024-11-23,SP1,Celta,Barcelona,2,2
2024-11-24,SP1,Osasuna,Villarreal,2,2
2024-11-24,SP1,Sevilla,Vallecano,1,0
2024-11-24,SP1,Leganes,Real Madrid,0,3
2024-11-24,SP1,Ath Bilbao,Sociedad,1,0
2024-11-29,SP1,Mallorca,Valencia,2,1
2024-11-30,SP1,Barcelona,Las Palmas,1,2
2024-11-30,SP1,Alaves,Leganes,1,1
2024-11-30,SP1,Espanol,Celta,3,1
2024-11-30,SP1,Valladolid,Ath Madrid,0,5
2024-12-01,SP1,Villarreal,Girona,2,2
2024-12-01,SP1,Real Madrid,Getafe,2,0
2024-12-01,SP1,Vallecano,Ath Bilbao,1,2
2024-12-01,SP1,Sociedad,Betis,2,0
2024-12-02,SP1,Sevilla,Osasuna,1,1
2024-12-03,SP1,Mallorca,Barcelona,1,5
2024-12-04,SP1,Ath Bilbao,Real Madrid,2,1
2024-12-06,SP1,Celta,Mallorca,2,0
2024-12-07,SP1,Las Palmas,Valladolid,2,1
2024-12-07,SP1,Betis,Barcelona,2,2
2024-12-07,SP1,Valencia,Vallecano,0,1
2024-12-07,SP1,Girona,Real Madrid,0,3
2024-12-08,SP1,Leganes,Sociedad,0,3
2024-12-08,SP1,Ath Bilbao,Villarreal,2,0
2024-12-08,SP1,Osasuna,Alaves,2,2
2024-12-08,SP1,Ath Madrid,Sevilla,4,3
2024-12-09,SP1,Getafe,Espanol,1,0
2024-12-13,SP1,Valladolid,Valencia,1,0
2024-12-14,SP1,Espanol,Osasuna,0,0
2024-12-14,SP1,Mallorca,Girona,2,1
2024-12-14,SP1,Sevilla,Celta,1,0
2024-12-14,SP1,Vallecano,Real Madrid,3,3
2024-12-15,SP1,Ath Madrid,Getafe,1,0
2024-12-15,SP1,Alaves,Ath Bilbao,1,1
2024-12-15,SP1,Sociedad,Las Palmas,0,0
2024-12-15,SP1,Villarreal,Betis,1,2
2024-12-15,SP1,Barcelona,Leganes,0,1
2024-12-18,SP1,Espanol,Valencia,1,1
2024-12-18,SP1,Villarreal,Vallecano,1,1
2024-12-20,SP1,Girona,Valladolid,3,0
2024-12-21,SP1,Getafe,Mallorca,0,1
2024-12-21,SP1,Celta,Sociedad,2,0
2024-12-21,SP1,Osasuna,Ath Bilbao,1,2
2024-12-21,SP1,Barcelona,Ath Madrid,1,2
2024-12-22,SP1,Valencia,Alaves,2,2
2024-12-22,SP1,Real Madrid,Sevilla,4,2
2024-12-22,SP1,Las Palmas,Espanol,1,0
2024-12-22,SP1,Leganes,Villarreal,2,5
2024-12-22,SP1,Betis,Vallecano,1,1
2025-01-03,SP1,Valencia,Real Madrid,1,2
2025-01-10,SP1,Vallecano,Celta,2,1
2025-01-11,SP1,Alaves,Girona,0,1
2025-01-11,SP1,Valladolid,Betis,1,0
2025-01-11,SP1,Espanol,Leganes,1,1
2025-01-11,SP1,Sevilla,Valencia,1,1
2025-01-12,SP1,Las Palmas,Getafe,1,2
2025-01-12,SP1,Ath Madrid,Osasuna,1,0
2025-01-13,SP1,Sociedad,Villarreal,1,0
2025-01-17,SP1,Espanol,Valladolid,2,1
2025-01-18,SP1,Girona,Sevilla,1,2
2025-01-18,SP1,Leganes,Ath Madrid,1,0
2025-01-18,SP1,Betis,Alaves,1,3
2025-01-18,SP1,Getafe,Barcelona,1,1
2025-01-19,SP1,Celta,Ath Bilbao,1,2
2025-01-19,SP1,Real Madrid,Las Palmas,4,1
2025-01-19,SP1,Osasuna,Vallecano,1,1
2025-01-19,SP1,Valencia,Sociedad,1,0
2025-01-20,SP1,Villarreal,Mallorca,4,0
2025-01-24,SP1,Las Palmas,Osasuna,1,1
2025-01-25,SP1,Mallorca,Betis,0,1
2025-01-25,SP1,Ath Madrid,Villarreal,1,1
2025-01-25,SP1,Sevilla,Espanol,1,1
2025-01-25,SP1,Valladolid,Real Madrid,0,3
2025-01-26,SP1,Vallecano,Girona,2,1
2025-01-26,SP1,Sociedad,Getafe,0,3
2025-01-26,SP1,Ath Bilbao,Leganes,0,0
2025-01-26,SP1,Barcelona,Valencia,7,1
2025-01-27,SP1,Alaves,Celta,1,1
2025-01-31,SP1,Leganes,Vallecano,0,1
2025-02-01,SP1,Getafe,Sevilla,0,0
2025-02-01,SP1,Villarreal,Valladolid,5,1
2025-02-01,SP1,Ath Madrid,Mallorca,2,0
2025-02-01,SP1,Espanol,Real Madrid,1,0
2025-02-02,SP1,Barcelona,Alaves,1,0
2025-02-02,SP1,Valencia,Celta,2,1
2025-02-02,SP1,Osasuna,Sociedad,2,1
2025-02-02,SP1,Betis,Ath Bilbao,2,2
2025-02-03,SP1,Girona,Las Palmas,2,1
2025-02-07,SP1,Vallecano,Valladolid,1,0
2025-02-08,SP1,Celta,Betis,3,2
2025-02-08,SP1,Ath Bilbao,Girona,3,0
2025-02-08,SP1,Las Palmas,Villarreal,1,2
2025-02-08,SP1,Real Madrid,Ath Madrid,1,1
2025-02-09,SP1,Alaves,Getafe,0,1
2025-02-09,SP1,Valencia,Leganes,2,0
2025-02-09,SP1,Sociedad,Espanol,2,1
2025-02-09,SP1,Sevilla,Barcelona,1,4
2025-02-10,SP1,Mallorca,Osasuna,1,1
2025-02-14,SP1,Girona,Getafe,1,2
2025-02-15,SP1,Leganes,Alaves,3,3
2025-02-15,SP1,Osasuna,Real Madrid,1,1
2025-02-15,SP1,Ath Madrid,Celta,1,1
2025-02-15,SP1,Villarreal,Valencia,1,1
2025-02-16,SP1,Espanol,Ath Bilbao,1,1
2025-02-16,SP1,Valladolid,Sevilla,0,4
2025-02-16,SP1,Mallorca,Las Palmas,3,1
2025-02-16,SP1,Betis,Sociedad,3,0
2025-02-17,SP1,Barcelona,Vallecano,1,0
2025-02-21,SP1,Celta,Osasuna,1,0
2025-02-22,SP1,Alaves,Espanol,0,1
2025-02-22,SP1,Vallecano,Villarreal,0,1
2025-02-22,SP1,Valencia,Ath Madrid,0,3
2025-02-22,SP1,Las Palmas,Barcelona,0,2
2025-02-23,SP1,Ath Bilbao,Valladolid,7,1
2025-02-23,SP1,Real Madrid,Girona,2,0
2025-02-23,SP1,Getafe,Betis,1,2
2025-02-23,SP1,Sociedad,Leganes,3,0
2025-02-24,SP1,Sevilla,Mallorca,1,1
2025-02-28,SP1,Valladolid,Las Palmas,1,1
2025-03-01,SP1,Girona,Celta,2,2
2025-03-01,SP1,Vallecano,Sevilla,1,1
2025-03-01,SP1,Betis,Real Madrid,2,1
2025-03-01,SP1,Ath Madrid,Ath Bilbao,1,0
2025-03-02,SP1,Leganes,Getafe,1,0
2025-03-02,SP1,Barcelona,Sociedad,4,0
2025-03-02,SP1,Mallorca,Alaves,1,1
2025-03-02,SP1,Osasuna,Valencia,3,3
2025-03-08,SP1,Celta,Leganes,2,1
2025-03-08,SP1,Alaves,Villarreal,1,0
2025-03-08,SP1,Valencia,Valladolid,2,1
2025-03-09,SP1,Getafe,Ath Madrid,2,1
2025-03-09,SP1,Real Madrid,Vallecano,2,1
2025-03-09,SP1,Ath Bilbao,Mallorca,1,1
2025-03-09,SP1,Betis,Las Palmas,1,0
2025-03-09,SP1,Sociedad,Sevilla,0,1
2025-03-10,SP1,Espanol,Girona,1,1
2025-03-14,SP1,Las Palmas,Alaves,2,2
2025-03-15,SP1,Valladolid,Celta,0,1
2025-03-15,SP1,Mallorca,Espanol,2,1
2025-03-15,SP1,Villarreal,Real Madrid,1,2
2025-03-15,SP1,Girona,Valencia,1,1
2025-03-16,SP1,Leganes,Betis,2,3
2025-03-16,SP1,Sevilla,Ath Bilbao,0,1
2025-03-16,SP1,Osasuna,Getafe,1,2
2025-03-16,SP1,Vallecano,Sociedad,2,2
2025-03-16,SP1,Ath Madrid,Barcelona,2,4
2025-03-27,SP1,Barcelona,Osasuna,3,0
2025-03-29,SP1,Sociedad,Valladolid,2,1
2025-03-29,SP1,Espanol,Ath Madrid,1,1
2025-03-29,SP1,Alaves,Vallecano,0,2
2025-03-29,SP1,Real Madrid,Leganes,3,2
2025-03-30,SP1,Getafe,Villarreal,1,2
2025-03-30,SP1,Barcelona,Girona,4,1
2025-03-30,SP1,Ath Bilbao,Osasuna,0,0
2025-03-30,SP1,Valencia,Mallorca,1,0
2025-03-30,SP1,Betis,Sevilla,2,1
2025-03-31,SP1,Celta,Las Palmas,1,1
2025-04-04,SP1,Vallecano,Espanol,0,4
2025-04-05,SP1,Girona,Alaves,0,1
2025-04-05,SP1,Real Madrid,Valencia,1,2
2025-04-05,SP1,Mallorca,Celta,1,2
2025-04-05,SP1,Barcelona,Betis,1,1
2025-04-06,SP1,Las Palmas,Sociedad,1,3
2025-04-06,SP1,Sevilla,Ath Madrid,1,2
2025-04-06,SP1,Valladolid,Getafe,0,4
2025-04-06,SP1,Villarreal,Ath Bilbao,0,0
2025-04-07,SP1,Leganes,Osasuna,1,1
2025-04-11,SP1,Valencia,Sevilla,1,0
2025-04-12,SP1,Sociedad,Mallorca,0,2
2025-04-12,SP1,Getafe,Las Palmas,1,3
2025-04-12,SP1,Celta,Espanol,0,2
2025-04-12,SP1,Leganes,Barcelona,0,1
2025-04-13,SP1,Osasuna,Girona,2,1
2025-04-13,SP1,Alaves,Real Madrid,0,1
2025-04-13,SP1,Betis,Villarreal,1,2
2025-04-13,SP1,Ath Bilbao,Vallecano,3,1
2025-04-14,SP1,Ath Madrid,Valladolid,4,2
2025-04-18,SP1,Espanol,Getafe,1,0
2025-04-19,SP1,Vallecano,Valencia,1,1
2025-04-19,SP1,Barcelona,Celta,4,3
2025-04-19,SP1,Mallorca,Leganes,0,0
2025-04-19,SP1,Las Palmas,Ath Madrid,1,0
2025-04-20,SP1,Valladolid,Osasuna,2,3
2025-04-20,SP1,Villarreal,Sociedad,2,2
2025-04-20,SP1,Sevilla,Alaves,1,1
2025-04-20,SP1,Real Madrid,Ath Bilbao,1,0
2025-04-21,SP1,Girona,Betis,1,3
2025-04-22,SP1,Valencia,Espanol,1,1
2025-04-22,SP1,Barcelona,Mallorca,1,0
2025-04-23,SP1,Ath Bilbao,Las Palmas,1,0
2025-04-23,SP1,Celta,Villarreal,3,0
2025-04-23,SP1,Alaves,Sociedad,1,0
2025-04-23,SP1,Getafe,Real Madrid,0,1
2025-04-24,SP1,Leganes,Girona,1,1
2025-04-24,SP1,Osasuna,Sevilla,1,0
2025-04-24,SP1,Ath Madrid,Vallecano,3,0
2025-04-24,SP1,Betis,Valladolid,5,1
2025-04-27,SP1,Villarreal,Espanol,1,0
2025-05-02,SP1,Vallecano,Getafe,1,0
2025-05-03,SP1,Alaves,Ath Madrid,0,0
2025-05-03,SP1,Villarreal,Osasuna,4,2
2025-05-03,SP1,Las Palmas,Valencia,2,3
2025-05-03,SP1,Valladolid,Barcelona,1,2
2025-05-04,SP1,Real Madrid,Celta,3,2
2025-05-04,SP1,Sevilla,Leganes,2,2
2025-05-04,SP1,Espanol,Betis,1,2
2025-05-04,SP1,Sociedad,Ath Bilbao,0,0
2025-05-05,SP1,Girona,Mallorca,1,0
2025-05-09,SP1,Las Palmas,Vallecano,0,1
2025-05-10,SP1,Valencia,Getafe,3,0
2025-05-10,SP1,Celta,Sevilla,3,2
2025-05-10,SP1,Girona,Villarreal,0,1
2025-05-10,SP1,Mallorca,Valladolid,2,1
2025-05-10,SP1,Ath Madrid,Sociedad,4,0
2025-05-11,SP1,Leganes,Espanol,3,2
2025-05-11,SP1,Barcelona,Real Madrid,4,3
2025-05-11,SP1,Ath Bilbao,Alaves,1,0
2025-05-11,SP1,Betis,Osasuna,1,1
2025-05-13,SP1,Valladolid,Girona,0,1
2025-05-13,SP1,Sociedad,Celta,0,1
2025-05-13,SP1,Sevilla,Las Palmas,1,0
2025-05-14,SP1,Alaves,Valencia,1,0
2025-05-14,SP1,Villarreal,Leganes,3,0
2025-05-14,SP1,Real Madrid,Mallorca,2,1
2025-05-15,SP1,Vallecano,Betis,2,2
2025-05-15,SP1,Osasuna,Ath Madrid,2,0
2025-05-15,SP1,Espanol,Barcelona,0,2
2025-05-15,SP1,Getafe,Ath Bilbao,0,2
2025-05-18,SP1,Ath Madrid,Betis,4,1
2025-05-18,SP1,Barcelona,Villarreal,2,3
2025-05-18,SP1,Celta,Vallecano,1,2
2025-05-18,SP1,Las Palmas,Leganes,0,1
2025-05-18,SP1,Mallorca,Getafe,1,2
2025-05-18,SP1,Osasuna,Espanol,2,0
2025-05-18,SP1,Sevilla,Real Madrid,0,2
2025-05-18,SP1,Sociedad,Girona,3,2
2025-05-18,SP1,Valencia,Ath Bilbao,0,1
2025-05-18,SP1,Valladolid,Alaves,0,1
2025-05-23,SP1,Betis,Valencia,1,1
2025-05-24,SP1,Real Madrid,Sociedad,2,0
2025-05-24,SP1,Espanol,Las Palmas,2,0
2025-05-24,SP1,Leganes,Valladolid,3,0
2025-05-24,SP1,Alaves,Osasuna,1,1
2025-05-24,SP1,Getafe,Celta,1,2
2025-05-24,SP1,Vallecano,Mallorca,0,0
2025-05-25,SP1,Girona,Ath Madrid,0,4
2025-05-25,SP1,Villarreal,Sevilla,4,2
2025-05-25,SP1,Ath Bilbao,Barcelona,0,3
2025-08-15,SP1,Girona,Vallecano,1,3
2025-08-15,SP1,Villarreal,Oviedo,2,0
2025-08-16,SP1,Mallorca,Barcelona,0,3
2025-08-16,SP1,Alaves,Levante,2,1
2025-08-16,SP1,Valencia,Sociedad,1,1
2025-08-17,SP1,Celta,Getafe,0,2
2025-08-17,SP1,Ath Bilbao,Sevilla,3,2
2025-08-17,SP1,Espanol,Ath Madrid,2,1
2025-08-18,SP1,Elche,Betis,1,1
2025-08-19,SP1,Real Madrid,Osasuna,1,0
2025-08-22,SP1,Betis,Alaves,1,0
2025-08-23,SP1,Mallorca,Celta,1,1
2025-08-23,SP1,Ath Madrid,Elche,1,1
2025-08-23,SP1,Levante,Barcelona,2,3
2025-08-24,SP1,Osasuna,Valencia,1,0
2025-08-24,SP1,Sociedad,Espanol,2,2
2025-08-24,SP1,Villarreal,Girona,5,0
2025-08-24,SP1,Oviedo,Real Madrid,0,3
2025-08-25,SP1,Ath Bilbao,Vallecano,1,0
2025-08-25,SP1,Sevilla,Getafe,1,2
2025-08-27,SP1,Celta,Betis,1,1
2025-08-29,SP1,Elche,Levante,2,0
2025-08-29,SP1,Valencia,Getafe,3,0
2025-08-30,SP1,Alaves,Ath Madrid,1,1
2025-08-30,SP1,Oviedo,Sociedad,1,0
2025-08-30,SP1,Girona,Sevilla,0,2
2025-08-30,SP1,Real Madrid,Mallorca,2,1
2025-08-31,SP1,Celta,Villarreal,1,1
2025-08-31,SP1,Betis,Ath Bilbao,1,2
2025-08-31,SP1,Espanol,Osasuna,1,0
2025-08-31,SP1,Vallecano,Barcelona,1,1
2025-09-12,SP1,Sevilla,Elche,2,2
2025-09-13,SP1,Getafe,Oviedo,2,0
2025-09-13,SP1,Sociedad,Real Madrid,1,2
2025-09-13,SP1,Ath Bilbao,Alaves,0,1
2025-09-13,SP1,Ath Madrid,Villarreal,2,0
2025-09-14,SP1,Celta,Girona,1,1
2025-09-14,SP1,Levante,Betis,2,2
2025-09-14,SP1,Osasuna,Vallecano,2,0
2025-09-14,SP1,Barcelona,Valencia,6,0
2025-09-15,SP1,Espanol,Mallorca,3,2
2025-09-19,SP1,Betis,Sociedad,3,1
2025-09-20,SP1,Girona,Levante,0,4
2025-09-20,SP1,Real Madrid,Espanol,2,0
2025-09-20,SP1,Alaves,Sevilla,1,2
2025-09-20,SP1,Villarreal,Osasuna,2,1
2025-09-20,SP1,Valencia,Ath Bilbao,2,0
2025-09-21,SP1,Vallecano,Celta,1,1
2025-09-21,SP1,Mallorca,Ath Madrid,1,1
2025-09-21,SP1,Elche,Oviedo,1,0
2025-09-21,SP1,Barcelona,Getafe,3,0
2025-09-23,SP1,Ath Bilbao,Girona,1,1
2025-09-23,SP1,Espanol,Valencia,2,2
2025-09-23,SP1,Levante,Real Madrid,1,4
2025-09-23,SP1,Sevilla,Villarreal,1,2
2025-09-24,SP1,Getafe,Alaves,1,1
2025-09-24,SP1,Ath Madrid,Vallecano,3,2
2025-09-24,SP1,Sociedad,Mallorca,1,0
2025-09-25,SP1,Osasuna,Elche,1,1
2025-09-25,SP1,Oviedo,Barcelona,1,3
2025-09-26,SP1,Girona,Espanol,0,0
2025-09-27,SP1,Getafe,Levante,1,1
2025-09-27,SP1,Ath Madrid,Real Madrid,5,2
2025-09-27,SP1,Mallorca,Alaves,1,0
2025-09-27,SP1,Villarreal,Ath Bilbao,1,0
2025-09-28,SP1,Vallecano,Sevilla,0,1
2025-09-28,SP1,Elche,Celta,2,1
2025-09-28,SP1,Barcelona,Sociedad,2,1
2025-09-28,SP1,Betis,Osasuna,2,0
2025-09-30,SP1,Valencia,Oviedo,1,2
2025-10-03,SP1,Osasuna,Getafe,2,1
2025-10-04,SP1,Oviedo,Levante,0,2
2025-10-04,SP1,Girona,Valencia,2,1
2025-10-04,SP1,Ath Bilbao,Mallorca,2,1
2025-10-04,SP1,Real Madrid,Villarreal,3,1
2025-10-05,SP1,Alaves,Elche,3,1
2025-10-05,SP1,Sevilla,Barcelona,4,1
2025-10-05,SP1,Espanol,Betis,1,2
2025-10-05,SP1,Sociedad,Vallecano,0,1
2025-10-05,SP1,Celta,Ath Madrid,1,1
2025-10-17,SP1,Oviedo,Espanol,0,2
2025-10-18,SP1,Sevilla,Mallorca,1,3
2025-10-18,SP1,Barcelona,Girona,2,1
2025-10-18,SP1,Villarreal,Betis,2,2
2025-10-18,SP1,Ath Madrid,Osasuna,1,0
2025-10-19,SP1,Elche,Ath Bilbao,0,0
2025-10-19,SP1,Celta,Sociedad,1,1
2025-10-19,SP1,Levante,Vallecano,0,3
2025-10-19,SP1,Getafe,Real Madrid,0,1
2025-10-20,SP1,Alaves,Valencia,0,0
2025-10-24,SP1,Sociedad,Sevilla,2,1
2025-10-25,SP1,Girona,Oviedo,3,3
2025-10-25,SP1,Espanol,Elche,1,0
2025-10-25,SP1,Ath Bilbao,Getafe,0,1
2025-10-25,SP1,Valencia,Villarreal,0,2
2025-10-26,SP1,Mallorca,Levante,1,1
2025-10-26,SP1,Real Madrid,Barcelona,2,1
2025-10-26,SP1,Osasuna,Celta,2,3
2025-10-26,SP1,Vallecano,Alaves,1,0
2025-10-27,SP1,Betis,Ath Madrid,0,2
2025-10-31,SP1,Getafe,Girona,2,1
2025-11-01,SP1,Villarreal,Vallecano,4,0
2025-11-01,SP1,Ath Madrid,Sevilla,3,0
2025-11-01,SP1,Sociedad,Ath Bilbao,3,2
2025-11-01,SP1,Real Madrid,Valencia,4,0
2025-11-02,SP1,Levante,Celta,1,2
2025-11-02,SP1,Alaves,Espanol,2,1
2025-11-02,SP1,Barcelona,Elche,3,1
2025-11-02,SP1,Betis,Mallorca,3,0
2025-11-03,SP1,Oviedo,Osasuna,0,0
2025-11-07,SP1,Elche,Sociedad,1,1
2025-11-08,SP1,Girona,Alaves,1,0
2025-11-08,SP1,Sevilla,Osasuna,1,0
2025-11-08,SP1,Ath Madrid,Levante,3,1
2025-11-08,SP1,Espanol,Villarreal,0,2
2025-11-09,SP1,Ath Bilbao,Oviedo,1,0
2025-11-09,SP1,Vallecano,Real Madrid,0,0
2025-11-09,SP1,Mallorca,Getafe,1,0
2025-11-09,SP1,Valencia,Betis,1,1
2025-11-09,SP1,Celta,Barcelona,2,4
2025-11-21,SP1,Valencia,Levante,1,0
2025-11-22,SP1,Alaves,Celta,0,1
2025-11-22,SP1,Barcelona,Ath Bilbao,4,0
2025-11-22,SP1,Osasuna,Sociedad,1,3
2025-11-22,SP1,Villarreal,Mallorca,2,1
2025-11-23,SP1,Oviedo,Vallecano,0,0
2025-11-23,SP1,Betis,Girona,1,1
2025-11-23,SP1,Getafe,Ath Madrid,0,1
2025-11-23,SP1,Elche,Real Madrid,2,2
2025-11-24,SP1,Espanol,Sevilla,2,1
2025-11-28,SP1,Getafe,Elche,1,0
2025-11-29,SP1,Mallorca,Osasuna,2,2
2025-11-29,SP1,Barcelona,Alaves,3,1
2025-11-29,SP1,Levante,Ath Bilbao,0,2
2025-11-29,SP1,Ath Madrid,Oviedo,2,0
2025-11-30,SP1,Sociedad,Villarreal,2,3
2025-11-30,SP1,Sevilla,Betis,0,2
2025-11-30,SP1,Celta,Espanol,0,1
2025-11-30,SP1,Girona,Real Madrid,1,1
2025-12-01,SP1,Vallecano,Valencia,1,1
2025-12-02,SP1,Barcelona,Ath Madrid,3,1
2025-12-03,SP1,Ath Bilbao,Real Madrid,0,3
2025-12-05,SP1,Oviedo,Mallorca,0,0
2025-12-06,SP1,Villarreal,Getafe,2,0
2025-12-06,SP1,Alaves,Sociedad,1,0
2025-12-06,SP1,Betis,Barcelona,3,5
2025-12-06,SP1,Ath Bilbao,Ath Madrid,1,0
2025-12-07,SP1,Elche,Girona,3,0
2025-12-07,SP1,Valencia,Sevilla,1,1
2025-12-07,SP1,Espanol,Vallecano,1,0
2025-12-07,SP1,Real Madrid,Celta,0,2
2025-12-08,SP1,Osasuna,Levante,2,0
2025-12-12,SP1,Sociedad,Girona,1,2
2025-12-13,SP1,Ath Madrid,Valencia,2,1
2025-12-13,SP1,Mallorca,Elche,3,1
2025-12-13,SP1,Barcelona,Osasuna,2,0
2025-12-13,SP1,Getafe,Espanol,0,1
2025-12-14,SP1,Sevilla,Oviedo,4,0
2025-12-14,SP1,Celta,Ath Bilbao,2,0
2025-12-14,SP1,Alaves,Real Madrid,1,2
2025-12-15,SP1,Vallecano,Betis,0,0
2025-12-19,SP1,Valencia,Mallorca,1,1
2025-12-20,SP1,Oviedo,Celta,0,0
2025-12-20,SP1,Levante,Sociedad,1,1
2025-12-20,SP1,Osasuna,Alaves,3,0
2025-12-20,SP1,Real Madrid,Sevilla,2,0
2025-12-21,SP1,Girona,Ath Madrid,0,3
2025-12-21,SP1,Villarreal,Barcelona,0,2
2025-12-21,SP1,Elche,Vallecano,4,0
2025-12-21,SP1,Betis,Getafe,4,0
2025-12-22,SP1,Ath Bilbao,Espanol,1,2
2026-01-02,SP1,Vallecano,Getafe,1,1
2026-01-03,SP1,Celta,Valencia,4,1
2026-01-03,SP1,Osasuna,Ath Bilbao,1,1
2026-01-03,SP1,Elche,Villarreal,1,3
2026-01-03,SP1,Espanol,Barcelona,0,2
2026-01-04,SP1,Sevilla,Levante,0,3
2026-01-04,SP1,Real Madrid,Betis,5,1
2026-01-04,SP1,Alaves,Oviedo,1,1
2026-01-04,SP1,Mallorca,Girona,1,2
2026-01-04,SP1,Sociedad,Ath Madrid,1,1
2026-01-09,SP1,Getafe,Sociedad,1,2
2026-01-10,SP1,Oviedo,Betis,1,1
2026-01-10,SP1,Villarreal,Alaves,3,1
2026-01-10,SP1,Girona,Osasuna,1,0
2026-01-10,SP1,Valencia,Elche,1,1
2026-01-11,SP1,Vallecano,Mallorca,2,1
2026-01-11,SP1,Levante,Espanol,1,1
2026-01-12,SP1,Sevilla,Celta,0,1
2026-01-16,SP1,Espanol,Girona,0,2
2026-01-17,SP1,Real Madrid,Levante,2,0
2026-01-17,SP1,Mallorca,Ath Bilbao,3,2
2026-01-17,SP1,Osasuna,Oviedo,3,2
2026-01-17,SP1,Betis,Villarreal,2,0
2026-01-18,SP1,Getafe,Valencia,0,1
2026-01-18,SP1,Ath Madrid,Alaves,1,0
2026-01-18,SP1,Celta,Vallecano,3,0
2026-01-18,SP1,Sociedad,Barcelona,2,1
2026-01-19,SP1,Elche,Sevilla,2,2
2026-01-23,SP1,Levante,Elche,3,2
2026-01-24,SP1,Vallecano,Osasuna,1,3
2026-01-24,SP1,Valencia,Espanol,3,2
2026-01-24,SP1,Sevilla,Ath Bilbao,2,1
2026-01-24,SP1,Villarreal,Real Madrid,0,2
2026-01-25,SP1,Ath Madrid,Mallorca,3,0
2026-01-25,SP1,Barcelona,Oviedo,3,0
2026-01-25,SP1,Sociedad,Celta,3,1
2026-01-25,SP1,Alaves,Betis,2,1
2026-01-26,SP1,Girona,Getafe,1,1
2026-01-30,SP1,Espanol,Alaves,1,2
2026-01-31,SP1,Oviedo,Girona,1,0
2026-01-31,SP1,Osasuna,Villarreal,2,2
2026-01-31,SP1,Levante,Ath Madrid,0,0
2026-01-31,SP1,Elche,Barcelona,1,3
2026-02-01,SP1,Real Madrid,Vallecano,2,1
2026-02-01,SP1,Betis,Valencia,2,1
2026-02-01,SP1,Getafe,Celta,0,0
2026-02-01,SP1,Ath Bilbao,Sociedad,1,1
2026-02-02,SP1,Mallorca,Sevilla,4,1
2026-02-06,SP1,Celta,Osasuna,1,2
2026-02-07,SP1,Barcelona,Mallorca,3,0
2026-02-07,SP1,Sociedad,Elche,3,1
2026-02-08,SP1,Alaves,Getafe,0,2
2026-02-08,SP1,Ath Bilbao,Levante,4,2
2026-02-08,SP1,Sevilla,Girona,1,1
2026-02-08,SP1,Ath Madrid,Betis,0,1
2026-02-08,SP1,Valencia,Real Madrid,0,2
2026-02-09,SP1,Villarreal,Espanol,4,1
2026-02-13,SP1,Elche,Osasuna,0,0
2026-02-14,SP1,Espanol,Celta,2,2
2026-02-14,SP1,Getafe,Villarreal,2,1
2026-02-14,SP1,Sevilla,Alaves,1,1
2026-02-14,SP1,Real Madrid,Sociedad,4,1
2026-02-15,SP1,Oviedo,Ath Bilbao,1,2
2026-02-15,SP1,Vallecano,Ath Madrid,3,0
2026-02-15,SP1,Levante,Valencia,0,2
2026-02-15,SP1,Mallorca,Betis,1,2
2026-02-16,SP1,Girona,Barcelona,2,1
2026-02-18,SP1,Levante,Villarreal,0,1
2026-02-20,SP1,Ath Bilbao,Elche,2,1
2026-02-21,SP1,Sociedad,Oviedo,3,3
2026-02-21,SP1,Betis,Vallecano,1,1
2026-02-21,SP1,Osasuna,Real Madrid,2,1
2026-02-21,SP1,Ath Madrid,Espanol,4,2
2026-02-22,SP1,Getafe,Sevilla,0,1
2026-02-22,SP1,Barcelona,Levante,3,0
2026-02-22,SP1,Celta,Mallorca,2,0
2026-02-22,SP1,Villarreal,Valencia,2,1
2026-02-23,SP1,Alaves,Girona,2,2
2026-02-27,SP1,Levante,Alaves,2,0
2026-02-28,SP1,Vallecano,Ath Bilbao,1,1
2026-02-28,SP1,Barcelona,Villarreal,4,1
2026-02-28,SP1,Mallorca,Sociedad,0,1
2026-02-28,SP1,Oviedo,Ath Madrid,0,1
2026-03-01,SP1,Elche,Espanol,2,2
2026-03-01,SP1,Valencia,Osasuna,1,0
2026-03-01,SP1,Betis,Sevilla,2,2
2026-03-01,SP1,Girona,Celta,1,2
2026-03-02,SP1,Real Madrid,Getafe,0,1
2026-03-04,SP1,Vallecano,Oviedo,3,0
2026-03-06,SP1,Celta,Real Madrid,1,2
2026-03-07,SP1,Osasuna,Mallorca,2,2
2026-03-07,SP1,Levante,Girona,1,1
2026-03-07,SP1,Ath Madrid,Sociedad,3,2
2026-03-07,SP1,Ath Bilbao,Barcelona,0,1
2026-03-08,SP1,Villarreal,Elche,2,1
2026-03-08,SP1,Getafe,Betis,2,0
2026-03-08,SP1,Sevilla,Vallecano,1,1
2026-03-08,SP1,Valencia,Alaves,3,2
2026-03-09,SP1,Espanol,Oviedo,1,1
2026-03-13,SP1,Alaves,Villarreal,1,1
2026-03-14,SP1,Girona,Ath Bilbao,3,0
2026-03-14,SP1,Ath Madrid,Getafe,1,0
2026-03-14,SP1,Oviedo,Valencia,1,0
2026-03-14,SP1,Real Madrid,Elche,4,1
2026-03-15,SP1,Mallorca,Espanol,2,1
2026-03-15,SP1,Barcelona,Sevilla,5,2
2026-03-15,SP1,Betis,Celta,1,1
2026-03-15,SP1,Sociedad,Osasuna,3,1
2026-03-16,SP1,Vallecano,Levante,1,1
2026-03-20,SP1,Villarreal,Sociedad,3,1
2026-03-21,SP1,Elche,Mallorca,2,1
2026-03-21,SP1,Espanol,Getafe,1,2
2026-03-21,SP1,Levante,Oviedo,4,2
2026-03-21,SP1,Osasuna,Girona,1,0
2026-03-21,SP1,Sevilla,Valencia,0,2
2026-03-22,SP1,Barcelona,Vallecano,1,0
2026-03-22,SP1,Celta,Alaves,3,4
2026-03-22,SP1,Ath Bilbao,Betis,2,1
2026-03-22,SP1,Real Madrid,Ath Madrid,3,2
2026-04-03,SP1,Vallecano,Elche,1,0
2026-04-04,SP1,Sociedad,Levante,2,0
2026-04-04,SP1,Mallorca,Real Madrid,2,1
2026-04-04,SP1,Betis,Espanol,0,0
2026-04-04,SP1,Ath Madrid,Barcelona,1,2
2026-04-05,SP1,Getafe,Ath Bilbao,2,0
2026-04-05,SP1,Valencia,Celta,2,3
2026-04-05,SP1,Oviedo,Sevilla,1,0
2026-04-05,SP1,Alaves,Osasuna,2,2
2026-04-06,SP1,Girona,Villarreal,1,0
2026-04-10,SP1,Real Madrid,Girona,1,1
2026-04-11,SP1,Sociedad,Alaves,3,3
2026-04-11,SP1,Elche,Valencia,1,0
2026-04-11,SP1,Barcelona,Espanol,4,1
2026-04-11,SP1,Sevilla,Ath Madrid,2,1
2026-04-12,SP1,Osasuna,Betis,1,1
2026-04-12,SP1,Mallorca,Vallecano,3,0
2026-04-12,SP1,Celta,Oviedo,0,3
2026-04-12,SP1,Ath Bilbao,Villarreal,1,2
2026-04-13,SP1,Levante,Getafe,1,0
2026-04-21,SP1,Ath Bilbao,Osasuna,1,0
2026-04-21,SP1,Mallorca,Valencia,1,1
2026-04-21,SP1,Girona,Betis,2,3
2026-04-21,SP1,Real Madrid,Alaves,2,1
2026-04-22,SP1,Elche,Ath Madrid,3,2
2026-04-22,SP1,Sociedad,Getafe,0,1
2026-04-22,SP1,Barcelona,Celta,1,0
2026-04-23,SP1,Levante,Sevilla,2,0
2026-04-23,SP1,Vallecano,Espanol,1,0
2026-04-23,SP1,Oviedo,Villarreal,1,1
2026-04-24,SP1,Betis,Real Madrid,1,1
2026-04-25,SP1,Alaves,Mallorca,2,1
2026-04-25,SP1,Getafe,Barcelona,0,2
2026-04-25,SP1,Valencia,Girona,2,1
2026-04-25,SP1,Ath Madrid,Ath Bilbao,3,2
2026-04-26,SP1,Vallecano,Sociedad,3,3
2026-04-26,SP1,Oviedo,Elche,1,2
2026-04-26,SP1,Osasuna,Sevilla,2,1
2026-04-26,SP1,Villarreal,Celta,2,1
2026-04-27,SP1,Espanol,Levante,0,0
2026-05-01,SP1,Girona,Mallorca,0,1
2026-05-02,SP1,Villarreal,Levante,5,1
2026-05-02,SP1,Valencia,Ath Madrid,0,2
2026-05-02,SP1,Alaves,Ath Bilbao,2,4
2026-05-02,SP1,Osasuna,Barcelona,1,2
2026-05-03,SP1,Celta,Elche,3,1
2026-05-03,SP1,Getafe,Vallecano,0,2
2026-05-03,SP1,Betis,Oviedo,3,0
2026-05-03,SP1,Espanol,Real Madrid,0,2
2026-05-04,SP1,Sevilla,Sociedad,1,0
2026-05-08,SP1,Levante,Osasuna,3,2
2026-05-09,SP1,Elche,Alaves,1,1
2026-05-09,SP1,Sevilla,Espanol,2,1
2026-05-09,SP1,Ath Madrid,Celta,0,1
2026-05-09,SP1,Sociedad,Betis,2,2
2026-05-10,SP1,Mallorca,Villarreal,1,1
2026-05-10,SP1,Ath Bilbao,Valencia,0,1
2026-05-10,SP1,Oviedo,Getafe,0,0
2026-05-10,SP1,Barcelona,Real Madrid,2,0
2026-05-11,SP1,Vallecano,Girona,1,1
2026-05-12,SP1,Celta,Levante,2,3
2026-05-12,SP1,Betis,Elche,2,1
2026-05-12,SP1,Osasuna,Ath Madrid,1,2
2026-05-13,SP1,Espanol,Ath Bilbao,2,0
2026-05-13,SP1,Villarreal,Sevilla,2,3
2026-05-13,SP1,Alaves,Barcelona,1,0
2026-05-13,SP1,Getafe,Mallorca,3,1
2026-05-14,SP1,Valencia,Vallecano,1,1
2026-05-14,SP1,Girona,Sociedad,1,1
2026-05-14,SP1,Real Madrid,Oviedo,2,0
2026-05-17,SP1,Ath Bilbao,Celta,1,1
2026-05-17,SP1,Ath Madrid,Girona,1,0
2026-05-17,SP1,Elche,Getafe,1,0
2026-05-17,SP1,Levante,Mallorca,2,0
2026-05-17,SP1,Osasuna,Espanol,1,2
2026-05-17,SP1,Oviedo,Alaves,0,1
2026-05-17,SP1,Sevilla,Real Madrid,0,1
2026-05-17,SP1,Sociedad,Valencia,3,4
2026-05-17,SP1,Vallecano,Villarreal,2,0
2026-05-17,SP1,Barcelona,Betis,3,1
2026-05-23,SP1,Alaves,Vallecano,1,2
2026-05-23,SP1,Betis,Levante,2,1
2026-05-23,SP1,Celta,Sevilla,1,0
2026-05-23,SP1,Espanol,Sociedad,1,1
2026-05-23,SP1,Getafe,Osasuna,1,0
2026-05-23,SP1,Girona,Elche,1,1
2026-05-23,SP1,Mallorca,Oviedo,3,0
2026-05-23,SP1,Real Madrid,Ath Bilbao,4,2
2026-05-23,SP1,Valencia,Barcelona,3,1
2026-05-24,SP1,Villarreal,Ath Madrid,5,1
2026-08-01,SP1,Ayr,Arbroath,2,0
2026-08-01,SP1,Inverness C,Dunfermline,0,0
2026-08-01,SP1,Livingston,Queens Park,2,0
2026-08-01,SP1,Morton,Partick,0,1
2026-08-01,SP1,Raith Rvs,Stenhousemuir,1,1
2023-08-11,SP2,Amorebieta,Levante,1,1
2023-08-11,SP2,Valladolid,Sp Gijon,2,0
2023-08-12,SP2,Santander,Eibar,4,0
2023-08-12,SP2,Zaragoza,Villarreal B,2,0
2023-08-12,SP2,Elche,Ferrol,0,1
2023-08-13,SP2,Burgos,Huesca,1,1
2023-08-13,SP2,Albacete,Espanol,1,1
2023-08-13,SP2,Cartagena,Eldense,0,1
2023-08-13,SP2,Leganes,Andorra,0,1
2023-08-14,SP2,Mirandes,Alcorcon,4,0
2023-08-14,SP2,Tenerife,Oviedo,1,0
2023-08-18,SP2,Andorra,Cartagena,3,2
2023-08-18,SP2,Zaragoza,Valladolid,1,0
2023-08-19,SP2,Eibar,Elche,2,1
2023-08-19,SP2,Espanol,Santander,2,0
2023-08-19,SP2,Levante,Burgos,3,2
2023-08-19,SP2,Alcorcon,Leganes,0,2
2023-08-20,SP2,Oviedo,Ferrol,1,1
2023-08-20,SP2,Sp Gijon,Mirandes,3,0
2023-08-20,SP2,Albacete,Amorebieta,2,2
2023-08-21,SP2,Villarreal B,Eldense,3,1
2023-08-21,SP2,Huesca,Tenerife,0,2
2023-08-25,SP2,Cartagena,Levante,0,1
2023-08-26,SP2,Burgos,Oviedo,1,0
2023-08-26,SP2,Tenerife,Zaragoza,0,1
2023-08-26,SP2,Elche,Villarreal B,1,0
2023-08-26,SP2,Valladolid,Alcorcon,0,2
2023-08-27,SP2,Ferrol,Sp Gijon,2,0
2023-08-27,SP2,Amorebieta,Andorra,3,0
2023-08-27,SP2,Mirandes,Espanol,0,1
2023-08-27,SP2,Leganes,Albacete,2,0
2023-08-28,SP2,Eldense,Eibar,2,1
2023-08-28,SP2,Santander,Huesca,0,0
2023-09-01,SP2,Alcorcon,Ferrol,1,1
2023-09-01,SP2,Albacete,Valladolid,2,0
2023-09-02,SP2,Sp Gijon,Burgos,2,1
2023-09-02,SP2,Levante,Oviedo,1,1
2023-09-02,SP2,Elche,Santander,1,1
2023-09-02,SP2,Villarreal B,Cartagena,1,2
2023-09-03,SP2,Andorra,Tenerife,0,1
2023-09-03,SP2,Eibar,Leganes,0,1
2023-09-03,SP2,Espanol,Amorebieta,3,2
2023-09-03,SP2,Zaragoza,Eldense,2,0
2023-09-03,SP2,Huesca,Mirandes,1,1
2023-09-08,SP2,Levante,Espanol,1,4
2023-09-09,SP2,Burgos,Eibar,1,0
2023-09-09,SP2,Oviedo,Sp Gijon,0,0
2023-09-09,SP2,Leganes,Huesca,2,0
2023-09-09,SP2,Tenerife,Albacete,2,0
2023-09-10,SP2,Ferrol,Villarreal B,2,2
2023-09-10,SP2,Santander,Amorebieta,1,0
2023-09-10,SP2,Cartagena,Zaragoza,1,3
2023-09-10,SP2,Mirandes,Andorra,4,3
2023-09-10,SP2,Valladolid,Elche,1,1
2023-09-11,SP2,Eldense,Alcorcon,2,2
2023-09-15,SP2,Zaragoza,Santander,1,1
2023-09-16,SP2,Huesca,Villarreal B,2,2
2023-09-16,SP2,Alcorcon,Levante,0,2
2023-09-16,SP2,Valladolid,Cartagena,1,0
2023-09-16,SP2,Albacete,Burgos,2,1
2023-09-17,SP2,Amorebieta,Mirandes,2,0
2023-09-17,SP2,Eibar,Ferrol,2,0
2023-09-17,SP2,Elche,Leganes,1,0
2023-09-17,SP2,Espanol,Eldense,3,3
2023-09-17,SP2,Sp Gijon,Tenerife,2,1
2023-09-18,SP2,Andorra,Oviedo,1,0
2023-09-22,SP2,Cartagena,Eibar,1,2
2023-09-23,SP2,Andorra,Sp Gijon,0,0
2023-09-23,SP2,Levante,Eldense,2,0
2023-09-23,SP2,Burgos,Elche,4,0
2023-09-23,SP2,Alcorcon,Huesca,0,2
2023-09-23,SP2,Santander,Albacete,2,1
2023-09-24,SP2,Villarreal B,Amorebieta,3,1
2023-09-24,SP2,Oviedo,Valladolid,0,1
2023-09-24,SP2,Mirandes,Leganes,1,3
2023-09-25,SP2,Ferrol,Zaragoza,1,0
2023-09-25,SP2,Tenerife,Espanol,1,0
2023-09-29,SP2,Leganes,Santander,2,1
2023-09-30,SP2,Eibar,Tenerife,3,0
2023-09-30,SP2,Elche,Levante,0,0
2023-09-30,SP2,Albacete,Andorra,3,1
2023-09-30,SP2,Villarreal B,Alcorcon,2,2
2023-10-01,SP2,Eldense,Oviedo,1,3
2023-10-01,SP2,Amorebieta,Cartagena,0,0
2023-10-01,SP2,Valladolid,Burgos,3,0
2023-10-01,SP2,Zaragoza,Mirandes,0,1
2023-10-01,SP2,Huesca,Sp Gijon,0,1
2023-10-02,SP2,Espanol,Ferrol,3,0
2023-10-03,SP2,Alcorcon,Albacete,1,2
2023-10-03,SP2,Levante,Villarreal B,1,1
2023-10-03,SP2,Tenerife,Santander,2,0
2023-10-04,SP2,Eldense,Valladolid,0,1
2023-10-04,SP2,Oviedo,Huesca,1,0
2023-10-04,SP2,Burgos,Leganes,1,0
2023-10-04,SP2,Sp Gijon,Elche,2,0
2023-10-05,SP2,Andorra,Zaragoza,0,1
2023-10-05,SP2,Mirandes,Eibar,1,3
2023-10-05,SP2,Cartagena,Espanol,0,2
2023-10-05,SP2,Ferrol,Amorebieta,1,0
2023-10-06,SP2,Albacete,Levante,0,2
2023-10-07,SP2,Huesca,Eldense,0,1
2023-10-07,SP2,Santander,Sp Gijon,3,2
2023-10-07,SP2,Leganes,Oviedo,0,0
2023-10-08,SP2,Amorebieta,Eibar,1,2
2023-10-08,SP2,Valladolid,Mirandes,3,2
2023-10-08,SP2,Ferrol,Cartagena,1,1
2023-10-08,SP2,Tenerife,Burgos,2,1
2023-10-08,SP2,Zaragoza,Alcorcon,0,2
2023-10-09,SP2,Elche,Andorra,2,1
2023-10-09,SP2,Villarreal B,Espanol,3,1
2023-10-13,SP2,Oviedo,Albacete,3,0
2023-10-14,SP2,Mirandes,Tenerife,1,1
2023-10-14,SP2,Cartagena,Santander,2,3
2023-10-14,SP2,Sp Gijon,Zaragoza,2,2
2023-10-14,SP2,Espanol,Valladolid,2,0
2023-10-15,SP2,Burgos,Villarreal B,3,2
2023-10-15,SP2,Andorra,Alcorcon,2,0
2023-10-15,SP2,Eldense,Elche,1,1
2023-10-15,SP2,Eibar,Huesca,1,1
2023-10-15,SP2,Leganes,Amorebieta,6,0
2023-10-16,SP2,Levante,Ferrol,1,0
2023-10-20,SP2,Espanol,Leganes,0,1
2023-10-21,SP2,Amorebieta,Oviedo,0,0
2023-10-21,SP2,Villarreal B,Mirandes,0,3
2023-10-21,SP2,Tenerife,Levante,0,0
2023-10-21,SP2,Zaragoza,Eibar,2,3
2023-10-22,SP2,Ferrol,Eldense,1,1
2023-10-22,SP2,Huesca,Elche,0,1
2023-10-22,SP2,Albacete,Sp Gijon,1,3
2023-10-22,SP2,Santander,Burgos,3,0
2023-10-22,SP2,Valladolid,Andorra,2,0
2023-10-23,SP2,Alcorcon,Cartagena,1,1
2023-10-27,SP2,Eibar,Valladolid,5,1
2023-10-28,SP2,Eldense,Amorebieta,2,0
2023-10-28,SP2,Andorra,Levante,2,0
2023-10-28,SP2,Sp Gijon,Espanol,2,0
2023-10-28,SP2,Elche,Tenerife,2,1
2023-10-29,SP2,Mirandes,Cartagena,2,1
2023-10-29,SP2,Huesca,Albacete,0,0
2023-10-29,SP2,Leganes,Villarreal B,1,0
2023-10-29,SP2,Oviedo,Alcorcon,2,0
2023-10-29,SP2,Santander,Ferrol,1,3
2023-10-30,SP2,Burgos,Zaragoza,1,1
2023-11-03,SP2,Espanol,Eibar,2,2
2023-11-04,SP2,Villarreal B,Sp Gijon,0,3
2023-11-04,SP2,Levante,Mirandes,2,2
2023-11-04,SP2,Valladolid,Tenerife,2,0
2023-11-04,SP2,Albacete,Elche,1,1
2023-11-05,SP2,Ferrol,Andorra,1,0
2023-11-05,SP2,Amorebieta,Huesca,0,1
2023-11-05,SP2,Alcorcon,Santander,3,1
2023-11-05,SP2,Cartagena,Leganes,0,3
2023-11-05,SP2,Eldense,Burgos,2,0
2023-11-06,SP2,Zaragoza,Oviedo,0,0
2023-11-10,SP2,Leganes,Levante,2,1
2023-11-11,SP2,Santander,Valladolid,2,3
2023-11-11,SP2,Elche,Zaragoza,2,0
2023-11-11,SP2,Mirandes,Ferrol,1,2
2023-11-11,SP2,Sp Gijon,Amorebieta,1,1
2023-11-12,SP2,Burgos,Alcorcon,4,2
2023-11-12,SP2,Andorra,Eldense,1,3
2023-11-12,SP2,Huesca,Espanol,1,1
2023-11-12,SP2,Tenerife,Villarreal B,0,1
2023-11-12,SP2,Eibar,Albacete,1,1
2023-11-13,SP2,Oviedo,Cartagena,1,1
2023-11-17,SP2,Valladolid,Leganes,1,1
2023-11-18,SP2,Alcorcon,Sp Gijon,0,0
2023-11-18,SP2,Amorebieta,Tenerife,2,0
2023-11-18,SP2,Zaragoza,Huesca,0,2
2023-11-18,SP2,Espanol,Elche,2,0
2023-11-19,SP2,Ferrol,Burgos,1,1
2023-11-19,SP2,Eldense,Mirandes,2,2
2023-11-19,SP2,Oviedo,Eibar,2,1
2023-11-19,SP2,Cartagena,Albacete,1,1
2023-11-19,SP2,Villarreal B,Andorra,0,0
2023-11-20,SP2,Levante,Santander,2,4
2023-11-24,SP2,Huesca,Valladolid,0,1
2023-11-25,SP2,Burgos,Andorra,0,0
2023-11-25,SP2,Santander,Villarreal B,2,0
2023-11-25,SP2,Albacete,Zaragoza,1,0
2023-11-25,SP2,Eibar,Levante,3,1
2023-11-26,SP2,Leganes,Ferrol,2,2
2023-11-26,SP2,Elche,Amorebieta,2,0
2023-11-26,SP2,Mirandes,Oviedo,2,1
2023-11-26,SP2,Tenerife,Cartagena,1,1
2023-11-26,SP2,Espanol,Alcorcon,2,0
2023-11-27,SP2,Sp Gijon,Eldense,2,0
2023-12-01,SP2,Oviedo,Espanol,2,0
2023-12-02,SP2,Cartagena,Sp Gijon,1,0
2023-12-02,SP2,Eldense,Tenerife,0,3
2023-12-02,SP2,Zaragoza,Leganes,1,0
2023-12-02,SP2,Levante,Valladolid,2,1
2023-12-03,SP2,Andorra,Huesca,1,0
2023-12-03,SP2,Alcorcon,Elche,0,2
2023-12-03,SP2,Ferrol,Albacete,5,4
2023-12-03,SP2,Mirandes,Santander,0,0
2023-12-03,SP2,Amorebieta,Burgos,0,1
2023-12-04,SP2,Villarreal B,Eibar,1,0
2023-12-08,SP2,Albacete,Villarreal B,2,0
2023-12-08,SP2,Espanol,Zaragoza,1,1
2023-12-09,SP2,Valladolid,Amorebieta,2,1
2023-12-09,SP2,Sp Gijon,Levante,0,0
2023-12-09,SP2,Burgos,Mirandes,0,0
2023-12-10,SP2,Elche,Cartagena,1,2
2023-12-10,SP2,Santander,Oviedo,2,2
2023-12-10,SP2,Eibar,Andorra,2,2
2023-12-10,SP2,Leganes,Eldense,1,1
2023-12-10,SP2,Huesca,Ferrol,1,0
2023-12-11,SP2,Tenerife,Alcorcon,1,0
2023-12-15,SP2,Oviedo,Elche,3,2
2023-12-16,SP2,Eldense,Santander,3,3
2023-12-16,SP2,Andorra,Espanol,1,1
2023-12-16,SP2,Cartagena,Burgos,0,3
2023-12-16,SP2,Sp Gijon,Leganes,1,1
2023-12-16,SP2,Mirandes,Albacete,2,0
2023-12-17,SP2,Alcorcon,Eibar,1,0
2023-12-17,SP2,Levante,Huesca,2,1
2023-12-17,SP2,Amorebieta,Zaragoza,1,1
2023-12-17,SP2,Ferrol,Tenerife,3,1
2023-12-18,SP2,Villarreal B,Valladolid,1,0
2023-12-19,SP2,Albacete,Eldense,1,1
2023-12-19,SP2,Santander,Andorra,2,0
2023-12-19,SP2,Elche,Mirandes,0,0
2023-12-19,SP2,Espanol,Burgos,3,3
2023-12-20,SP2,Zaragoza,Levante,2,2
2023-12-20,SP2,Eibar,Sp Gijon,1,1
2023-12-20,SP2,Leganes,Tenerife,1,1
2023-12-21,SP2,Huesca,Cartagena,3,0
2023-12-21,SP2,Villarreal B,Oviedo,1,1
2023-12-21,SP2,Amorebieta,Alcorcon,1,2
2023-12-21,SP2,Valladolid,Ferrol,0,1
2024-01-12,SP2,Eibar,Santander,2,0
2024-01-13,SP2,Alcorcon,Mirandes,0,0
2024-01-13,SP2,Levante,Albacete,3,2
2024-01-13,SP2,Oviedo,Amorebieta,1,1
2024-01-13,SP2,Tenerife,Elche,0,1
2024-01-13,SP2,Burgos,Valladolid,1,0
2024-01-13,SP2,Ferrol,Espanol,0,0
2024-01-14,SP2,Andorra,Leganes,2,3
2024-01-14,SP2,Cartagena,Villarreal B,4,1
2024-01-14,SP2,Sp Gijon,Huesca,0,0
2024-01-15,SP2,Eldense,Zaragoza,1,1
2024-01-20,SP2,Albacete,Alcorcon,0,1
2024-01-20,SP2,Amorebieta,Eldense,0,2
2024-01-20,SP2,Zaragoza,Andorra,2,0
2024-01-20,SP2,Espanol,Villarreal B,2,1
2024-01-20,SP2,Tenerife,Sp Gijon,1,2
2024-01-20,SP2,Ferrol,Oviedo,1,3
2024-01-21,SP2,Santander,Cartagena,0,2
2024-01-21,SP2,Mirandes,Levante,1,1
2024-01-21,SP2,Huesca,Eibar,2,3
2024-01-21,SP2,Elche,Valladolid,0,0
2024-01-22,SP2,Leganes,Burgos,2,0
2024-01-26,SP2,Eibar,Mirandes,1,0
2024-01-27,SP2,Alcorcon,Zaragoza,0,0
2024-01-27,SP2,Cartagena,Amorebieta,1,0
2024-01-27,SP2,Oviedo,Leganes,1,0
2024-01-27,SP2,Levante,Tenerife,0,0
2024-01-28,SP2,Eldense,Espanol,3,2
2024-01-28,SP2,Andorra,Elche,0,1
2024-01-28,SP2,Villarreal B,Huesca,1,1
2024-01-28,SP2,Burgos,Albacete,2,1
2024-01-28,SP2,Sp Gijon,Ferrol,1,2
2024-01-29,SP2,Valladolid,Santander,3,1
2024-02-02,SP2,Elche,Burgos,2,0
2024-02-03,SP2,Albacete,Cartagena,1,1
2024-02-03,SP2,Huesca,Alcorcon,1,0
2024-02-03,SP2,Mirandes,Villarreal B,3,0
2024-02-03,SP2,Leganes,Valladolid,0,0
2024-02-03,SP2,Tenerife,Andorra,0,0
2024-02-04,SP2,Ferrol,Eibar,1,1
2024-02-04,SP2,Amorebieta,Santander,0,1
2024-02-04,SP2,Oviedo,Eldense,1,1
2024-02-04,SP2,Espanol,Levante,2,1
2024-02-05,SP2,Zaragoza,Sp Gijon,3,0
2024-02-09,SP2,Levante,Leganes,0,0
2024-02-10,SP2,Amorebieta,Elche,1,0
2024-02-10,SP2,Eldense,Huesca,0,0
2024-02-10,SP2,Sp Gijon,Oviedo,1,0
2024-02-10,SP2,Santander,Espanol,2,0
2024-02-11,SP2,Villarreal B,Tenerife,1,0
2024-02-11,SP2,Alcorcon,Andorra,1,0
2024-02-11,SP2,Cartagena,Mirandes,1,0
2024-02-11,SP2,Eibar,Zaragoza,1,0
2024-02-11,SP2,Burgos,Ferrol,2,0
2024-02-12,SP2,Valladolid,Albacete,0,0
2024-02-16,SP2,Zaragoza,Cartagena,1,2
2024-02-17,SP2,Andorra,Villarreal B,1,1
2024-02-17,SP2,Oviedo,Burgos,5,0
2024-02-17,SP2,Sp Gijon,Valladolid,1,1
2024-02-17,SP2,Espanol,Mirandes,3,0
2024-02-18,SP2,Albacete,Santander,2,0
2024-02-18,SP2,Ferrol,Levante,0,0
2024-02-18,SP2,Leganes,Alcorcon,3,0
2024-02-18,SP2,Huesca,Amorebieta,0,0
2024-02-18,SP2,Elche,Eibar,0,0
2024-02-19,SP2,Tenerife,Eldense,1,0
2024-02-23,SP2,Valladolid,Oviedo,3,0
2024-02-24,SP2,Santander,Leganes,2,1
2024-02-24,SP2,Eibar,Espanol,2,3
2024-02-24,SP2,Villarreal B,Zaragoza,0,0
2024-02-25,SP2,Eldense,Ferrol,2,0
2024-02-25,SP2,Alcorcon,Tenerife,1,1
2024-02-25,SP2,Burgos,Sp Gijon,1,0
2024-02-25,SP2,Cartagena,Elche,0,1
2024-02-25,SP2,Amorebieta,Albacete,1,1
2024-02-26,SP2,Mirandes,Huesca,0,3
2024-03-01,SP2,Sp Gijon,Albacete,2,1
2024-03-02,SP2,Eldense,Villarreal B,2,0
2024-03-02,SP2,Espanol,Huesca,0,0
2024-03-02,SP2,Ferrol,Santander,2,2
2024-03-02,SP2,Oviedo,Levante,3,2
2024-03-02,SP2,Burgos,Cartagena,3,0
2024-03-03,SP2,Andorra,Valladolid,2,1
2024-03-03,SP2,Tenerife,Mirandes,2,1
2024-03-03,SP2,Zaragoza,Amorebieta,0,1
2024-03-03,SP2,Leganes,Eibar,0,2
2024-03-04,SP2,Elche,Alcorcon,3,0
2024-03-08,SP2,Huesca,Andorra,2,0
2024-03-09,SP2,Albacete,Oviedo,1,2
2024-03-09,SP2,Mirandes,Eldense,3,1
2024-03-09,SP2,Valladolid,Zaragoza,2,0
2024-03-09,SP2,Cartagena,Ferrol,2,1
2024-03-10,SP2,Santander,Tenerife,4,2
2024-03-10,SP2,Levante,Sp Gijon,1,0
2024-03-10,SP2,Villarreal B,Elche,0,1
2024-03-10,SP2,Eibar,Burgos,0,1
2024-03-10,SP2,Alcorcon,Espanol,1,1
2024-03-11,SP2,Amorebieta,Leganes,0,1
2024-03-13,SP2,Levante,Andorra,0,0
2024-03-15,SP2,Eldense,Cartagena,0,0
2024-03-16,SP2,Burgos,Levante,1,1
2024-03-16,SP2,Eibar,Villarreal B,2,0
2024-03-16,SP2,Oviedo,Santander,1,1
2024-03-16,SP2,Tenerife,Huesca,0,0
2024-03-16,SP2,Sp Gijon,Alcorcon,1,0
2024-03-17,SP2,Leganes,Mirandes,4,0
2024-03-17,SP2,Ferrol,Valladolid,2,0
2024-03-17,SP2,Elche,Albacete,3,2
2024-03-17,SP2,Zaragoza,Espanol,0,1
2024-03-18,SP2,Andorra,Amorebieta,0,1
2024-03-23,SP2,Alcorcon,Oviedo,1,0
2024-03-23,SP2,Cartagena,Andorra,1,0
2024-03-23,SP2,Villarreal B,Leganes,1,2
2024-03-23,SP2,Espanol,Tenerife,1,1
2024-03-24,SP2,Amorebieta,Sp Gijon,3,1
2024-03-24,SP2,Huesca,Burgos,3,0
2024-03-24,SP2,Valladolid,Eibar,3,1
2024-03-24,SP2,Levante,Elche,3,2
2024-03-24,SP2,Mirandes,Zaragoza,0,0
2024-03-24,SP2,Santander,Eldense,2,1
2024-03-25,SP2,Albacete,Ferrol,1,1
2024-03-29,SP2,Burgos,Espanol,0,0
2024-03-30,SP2,Valladolid,Levante,0,0
2024-03-30,SP2,Andorra,Mirandes,1,0
2024-03-30,SP2,Eibar,Eldense,5,1
2024-03-30,SP2,Leganes,Cartagena,0,0
2024-03-30,SP2,Albacete,Huesca,1,1
2024-03-30,SP2,Sp Gijon,Santander,2,3
2024-03-31,SP2,Alcorcon,Amorebieta,1,1
2024-03-31,SP2,Ferrol,Elche,1,0
2024-03-31,SP2,Zaragoza,Tenerife,3,1
2024-03-31,SP2,Oviedo,Villarreal B,2,1
2024-04-05,SP2,Amorebieta,Ferrol,3,1
2024-04-05,SP2,Elche,Oviedo,0,2
2024-04-06,SP2,Eldense,Andorra,0,2
2024-04-06,SP2,Levante,Zaragoza,2,1
2024-04-07,SP2,Huesca,Leganes,0,0
2024-04-07,SP2,Mirandes,Sp Gijon,1,3
2024-04-07,SP2,Villarreal B,Burgos,2,1
2024-04-07,SP2,Espanol,Albacete,2,1
2024-04-07,SP2,Tenerife,Eibar,2,1
2024-04-07,SP2,Cartagena,Valladolid,0,2
2024-04-08,SP2,Santander,Alcorcon,0,1
2024-04-12,SP2,Leganes,Espanol,0,0
2024-04-13,SP2,Sp Gijon,Cartagena,1,0
2024-04-13,SP2,Valladolid,Eldense,1,0
2024-04-13,SP2,Levante,Amorebieta,1,2
2024-04-14,SP2,Oviedo,Mirandes,1,1
2024-04-14,SP2,Albacete,Tenerife,1,0
2024-04-14,SP2,Andorra,Eibar,0,2
2024-04-14,SP2,Burgos,Santander,2,1
2024-04-14,SP2,Zaragoza,Elche,1,1
2024-04-14,SP2,Ferrol,Huesca,2,1
2024-04-15,SP2,Alcorcon,Villarreal B,1,0
2024-04-19,SP2,Tenerife,Leganes,0,0
2024-04-20,SP2,Amorebieta,Valladolid,0,3
2024-04-20,SP2,Santander,Levante,0,0
2024-04-20,SP2,Villarreal B,Ferrol,1,0
2024-04-20,SP2,Elche,Sp Gijon,2,1
2024-04-20,SP2,Huesca,Zaragoza,1,2
2024-04-21,SP2,Espanol,Andorra,1,1
2024-04-21,SP2,Eibar,Alcorcon,2,0
2024-04-21,SP2,Eldense,Albacete,0,1
2024-04-21,SP2,Mirandes,Burgos,2,1
2024-04-22,SP2,Cartagena,Oviedo,2,0
2024-04-26,SP2,Andorra,Santander,1,1
2024-04-27,SP2,Burgos,Amorebieta,2,2
2024-04-27,SP2,Leganes,Zaragoza,1,1
2024-04-27,SP2,Elche,Espanol,2,2
2024-04-28,SP2,Sp Gijon,Villarreal B,0,3
2024-04-28,SP2,Alcorcon,Eldense,0,0
2024-04-28,SP2,Oviedo,Tenerife,0,1
2024-04-28,SP2,Levante,Cartagena,0,1
2024-04-28,SP2,Valladolid,Huesca,1,0
2024-04-28,SP2,Albacete,Eibar,2,1
2024-04-29,SP2,Ferrol,Mirandes,0,2
2024-05-03,SP2,Villarreal B,Levante,0,3
2024-05-04,SP2,Mirandes,Valladolid,0,1
2024-05-04,SP2,Huesca,Oviedo,0,2
2024-05-04,SP2,Santander,Elche,3,1
2024-05-04,SP2,Cartagena,Alcorcon,1,0
2024-05-05,SP2,Eibar,Amorebieta,5,0
2024-05-05,SP2,Andorra,Albacete,0,1
2024-05-05,SP2,Espanol,Sp Gijon,0,0
2024-05-05,SP2,Eldense,Leganes,1,2
2024-05-05,SP2,Zaragoza,Burgos,1,3
2024-05-05,SP2,Tenerife,Ferrol,2,0
2024-05-10,SP2,Burgos,Eldense,1,2
2024-05-11,SP2,Santander,Mirandes,1,0
2024-05-11,SP2,Ferrol,Alcorcon,2,1
2024-05-11,SP2,Sp Gijon,Andorra,5,2
2024-05-11,SP2,Valladolid,Espanol,0,0
2024-05-11,SP2,Levante,Eibar,2,2
2024-05-12,SP2,Amorebieta,Villarreal B,2,0
2024-05-12,SP2,Oviedo,Zaragoza,1,0
2024-05-12,SP2,Albacete,Leganes,1,0
2024-05-12,SP2,Cartagena,Tenerife,2,0
2024-05-12,SP2,Elche,Huesca,0,3
2024-05-17,SP2,Mirandes,Elche,1,1
2024-05-18,SP2,Andorra,Burgos,1,0
2024-05-18,SP2,Huesca,Santander,0,3
2024-05-18,SP2,Leganes,Sp Gijon,2,1
2024-05-18,SP2,Eldense,Levante,0,0
2024-05-18,SP2,Tenerife,Amorebieta,0,1
2024-05-19,SP2,Eibar,Cartagena,1,0
2024-05-19,SP2,Alcorcon,Valladolid,1,1
2024-05-19,SP2,Zaragoza,Ferrol,2,2
2024-05-20,SP2,Espanol,Oviedo,2,1
2024-05-20,SP2,Villarreal B,Albacete,2,2
2024-05-26,SP2,Albacete,Mirandes,2,2
2024-05-26,SP2,Amorebieta,Espanol,0,0
2024-05-26,SP2,Burgos,Tenerife,1,1
2024-05-26,SP2,Cartagena,Huesca,0,2
2024-05-26,SP2,Elche,Eldense,1,2
2024-05-26,SP2,Ferrol,Leganes,2,2
2024-05-26,SP2,Levante,Alcorcon,2,2
2024-05-26,SP2,Oviedo,Andorra,3,0
2024-05-26,SP2,Santander,Zaragoza,0,2
2024-05-26,SP2,Sp Gijon,Eibar,1,0
2024-05-26,SP2,Valladolid,Villarreal B,3,2
2024-06-02,SP2,Alcorcon,Burgos,1,1
2024-06-02,SP2,Andorra,Ferrol,1,0
2024-06-02,SP2,Huesca,Levante,0,0
2024-06-02,SP2,Eibar,Oviedo,4,3
2024-06-02,SP2,Eldense,Sp Gijon,0,1
2024-06-02,SP2,Espanol,Cartagena,3,0
2024-06-02,SP2,Leganes,Elche,2,0
2024-06-02,SP2,Mirandes,Amorebieta,1,0
2024-06-02,SP2,Tenerife,Valladolid,2,1
2024-06-02,SP2,Villarreal B,Santander,1,0
2024-06-02,SP2,Zaragoza,Albacete,1,1
2024-08-15,SP2,Granada,Albacete,1,2
2024-08-16,SP2,Mirandes,Cordoba,1,0
2024-08-16,SP2,Cadiz,Zaragoza,0,4
2024-08-17,SP2,Eibar,Castellon,1,0
2024-08-17,SP2,Ferrol,Malaga,2,2
2024-08-17,SP2,La Coruna,Oviedo,0,1
2024-08-18,SP2,Santander,Almeria,2,2
2024-08-18,SP2,Sp Gijon,Levante,1,2
2024-08-18,SP2,Burgos,Cartagena,3,1
2024-08-18,SP2,Elche,Huesca,0,1
2024-08-19,SP2,Eldense,Tenerife,2,1
2024-08-23,SP2,Santander,Eibar,2,2
2024-08-23,SP2,Huesca,La Coruna,2,1
2024-08-24,SP2,Ferrol,Granada,0,1
2024-08-24,SP2,Sp Gijon,Eldense,0,0
2024-08-24,SP2,Levante,Cadiz,1,1
2024-08-24,SP2,Malaga,Mirandes,1,1
2024-08-24,SP2,Tenerife,Almeria,0,1
2024-08-25,SP2,Albacete,Elche,1,0
2024-08-25,SP2,Castellon,Oviedo,0,0
2024-08-26,SP2,Cartagena,Zaragoza,1,2
2024-08-26,SP2,Cordoba,Burgos,2,2
2024-08-30,SP2,Granada,Huesca,1,3
2024-08-30,SP2,Oviedo,Santander,1,3
2024-08-31,SP2,Cadiz,Tenerife,2,2
2024-08-31,SP2,Almeria,Sp Gijon,1,1
2024-08-31,SP2,Malaga,Albacete,2,1
2024-09-01,SP2,Burgos,Castellon,0,2
2024-09-01,SP2,La Coruna,Ferrol,1,0
2024-09-01,SP2,Eldense,Cartagena,1,2
2024-09-01,SP2,Mirandes,Zaragoza,0,0
2024-09-02,SP2,Eibar,Levante,2,2
2024-09-02,SP2,Elche,Cordoba,3,1
2024-09-06,SP2,Tenerife,Santander,0,1
2024-09-07,SP2,Granada,La Coruna,1,1
2024-09-07,SP2,Huesca,Burgos,0,1
2024-09-07,SP2,Sp Gijon,Oviedo,3,1
2024-09-07,SP2,Cordoba,Malaga,0,0
2024-09-08,SP2,Ferrol,Mirandes,0,0
2024-09-08,SP2,Cartagena,Levante,0,1
2024-09-08,SP2,Eldense,Almeria,1,0
2024-09-08,SP2,Zaragoza,Elche,3,0
2024-09-09,SP2,Albacete,Eibar,0,1
2024-09-09,SP2,Castellon,Cadiz,1,3
2024-09-13,SP2,Cordoba,La Coruna,2,0
2024-09-14,SP2,Eibar,Tenerife,1,0
2024-09-14,SP2,Levante,Eldense,3,1
2024-09-14,SP2,Malaga,Huesca,1,0
2024-09-14,SP2,Santander,Sp Gijon,1,0
2024-09-15,SP2,Mirandes,Albacete,2,0
2024-09-15,SP2,Oviedo,Cartagena,1,0
2024-09-15,SP2,Burgos,Zaragoza,1,0
2024-09-15,SP2,Cadiz,Ferrol,0,0
2024-09-15,SP2,Elche,Granada,2,2
2024-09-16,SP2,Almeria,Castellon,2,5
2024-09-20,SP2,Granada,Malaga,2,2
2024-09-21,SP2,Ferrol,Albacete,1,4
2024-09-21,SP2,Eldense,Oviedo,1,1
2024-09-21,SP2,La Coruna,Burgos,0,2
2024-09-21,SP2,Zaragoza,Levante,2,1
2024-09-22,SP2,Tenerife,Sp Gijon,1,1
2024-09-22,SP2,Cartagena,Cadiz,1,2
2024-09-22,SP2,Castellon,Santander,0,1
2024-09-22,SP2,Elche,Mirandes,1,0
2024-09-22,SP2,Almeria,Eibar,2,2
2024-09-23,SP2,Huesca,Cordoba,4,1
2024-09-27,SP2,Albacete,La Coruna,2,5
2024-09-28,SP2,Cadiz,Eldense,1,2
2024-09-28,SP2,Mirandes,Huesca,1,0
2024-09-28,SP2,Sp Gijon,Zaragoza,1,0
2024-09-28,SP2,Malaga,Elche,0,3
2024-09-29,SP2,Levante,Almeria,4,2
2024-09-29,SP2,Burgos,Granada,2,2
2024-09-29,SP2,Castellon,Tenerife,2,1
2024-09-29,SP2,Cordoba,Ferrol,3,1
2024-09-29,SP2,Oviedo,Eibar,1,0
2024-09-30,SP2,Santander,Cartagena,1,2
2024-10-04,SP2,Huesca,Cadiz,3,1
2024-10-05,SP2,Ferrol,Elche,1,0
2024-10-05,SP2,Eibar,Sp Gijon,1,3
2024-10-05,SP2,Mirandes,Granada,0,1
2024-10-05,SP2,Almeria,Burgos,2,0
2024-10-05,SP2,Zaragoza,Santander,2,3
2024-10-05,SP2,Tenerife,Cartagena,2,0
2024-10-06,SP2,La Coruna,Malaga,0,0
2024-10-06,SP2,Eldense,Castellon,2,3
2024-10-06,SP2,Levante,Oviedo,0,0
2024-10-06,SP2,Albacete,Cordoba,1,1
2024-10-11,SP2,Tenerife,Zaragoza,2,3
2024-10-12,SP2,Cartagena,Ferrol,0,1
2024-10-12,SP2,Cadiz,Malaga,2,2
2024-10-12,SP2,Eibar,Eldense,1,0
2024-10-13,SP2,Huesca,Albacete,2,2
2024-10-13,SP2,Oviedo,Almeria,3,2
2024-10-13,SP2,Santander,Levante,1,0
2024-10-13,SP2,Burgos,Mirandes,0,1
2024-10-13,SP2,Granada,Cordoba,1,0
2024-10-13,SP2,Elche,La Coruna,0,0
2024-10-14,SP2,Sp Gijon,Castellon,2,1
2024-10-18,SP2,Cordoba,Cartagena,2,1
2024-10-19,SP2,La Coruna,Eldense,1,1
2024-10-19,SP2,Malaga,Oviedo,0,0
2024-10-19,SP2,Castellon,Levante,2,0
2024-10-19,SP2,Granada,Tenerife,4,0
2024-10-19,SP2,Mirandes,Eibar,1,0
2024-10-20,SP2,Cadiz,Santander,0,1
2024-10-20,SP2,Ferrol,Huesca,0,0
2024-10-20,SP2,Elche,Sp Gijon,2,1
2024-10-20,SP2,Zaragoza,Almeria,1,2
2024-10-21,SP2,Albacete,Burgos,2,0
2024-10-22,SP2,Oviedo,Mirandes,4,1
2024-10-22,SP2,Castellon,Granada,2,3
2024-10-23,SP2,Eibar,Cadiz,1,0
2024-10-23,SP2,Eldense,Zaragoza,2,3
2024-10-23,SP2,Cartagena,Elche,0,0
2024-10-23,SP2,Santander,Cordoba,2,0
2024-10-24,SP2,Almeria,Albacete,3,1
2024-10-24,SP2,Levante,La Coruna,2,1
2024-10-24,SP2,Burgos,Ferrol,1,1
2024-10-24,SP2,Sp Gijon,Huesca,2,1
2024-10-24,SP2,Tenerife,Malaga,0,0
2024-10-26,SP2,Cadiz,Oviedo,2,0
2024-10-26,SP2,Mirandes,Cartagena,3,1
2024-10-26,SP2,Cordoba,Eldense,2,0
2024-10-26,SP2,Zaragoza,Castellon,1,2
2024-10-27,SP2,Malaga,Eibar,1,0
2024-10-27,SP2,Elche,Burgos,1,0
2024-10-27,SP2,La Coruna,Santander,1,2
2024-10-27,SP2,Albacete,Sp Gijon,3,3
2024-10-27,SP2,Huesca,Almeria,2,2
2024-10-27,SP2,Granada,Levante,1,2
2024-10-28,SP2,Ferrol,Tenerife,1,1
2024-11-02,SP2,Eibar,Elche,0,2
2024-11-02,SP2,Cartagena,La Coruna,1,5
2024-11-02,SP2,Sp Gijon,Cadiz,2,0
2024-11-02,SP2,Santander,Albacete,1,1
2024-11-02,SP2,Zaragoza,Granada,2,1
2024-11-03,SP2,Oviedo,Burgos,3,1
2024-11-03,SP2,Tenerife,Mirandes,1,0
2024-11-08,SP2,Elche,Almeria,1,2
2024-11-09,SP2,Mirandes,Cadiz,2,2
2024-11-09,SP2,Granada,Eldense,3,2
2024-11-09,SP2,Huesca,Zaragoza,1,1
2024-11-09,SP2,Malaga,Cartagena,1,0
2024-11-10,SP2,Cordoba,Castellon,2,2
2024-11-10,SP2,Burgos,Sp Gijon,0,2
2024-11-10,SP2,Ferrol,Santander,1,2
2024-11-10,SP2,Albacete,Oviedo,2,2
2024-11-11,SP2,La Coruna,Eibar,1,0
2024-11-16,SP2,Eibar,Ferrol,2,0
2024-11-16,SP2,Castellon,Mirandes,1,3
2024-11-16,SP2,Eldense,Albacete,2,0
2024-11-16,SP2,Levante,Elche,1,1
2024-11-16,SP2,Santander,Burgos,2,0
2024-11-16,SP2,Sp Gijon,Granada,1,2
2024-11-17,SP2,Cadiz,Cordoba,2,0
2024-11-17,SP2,Oviedo,Tenerife,3,1
2024-11-17,SP2,Almeria,La Coruna,2,1
2024-11-17,SP2,Cartagena,Huesca,1,0
2024-11-17,SP2,Zaragoza,Malaga,0,0
2024-11-20,SP2,Eldense,Huesca,2,1
2024-11-22,SP2,Ferrol,Levante,0,0
2024-11-23,SP2,Cartagena,Almeria,1,2
2024-11-23,SP2,Granada,Cadiz,0,0
2024-11-23,SP2,Burgos,Eibar,1,0
2024-11-23,SP2,Cordoba,Zaragoza,2,2
2024-11-23,SP2,Malaga,Santander,0,0
2024-11-24,SP2,Albacete,Tenerife,2,1
2024-11-24,SP2,La Coruna,Sp Gijon,1,1
2024-11-24,SP2,Mirandes,Eldense,1,0
2024-11-24,SP2,Huesca,Castellon,1,1
2024-11-24,SP2,Elche,Oviedo,4,0
2024-11-26,SP2,Almeria,Cordoba,4,0
2024-11-27,SP2,Castellon,Ferrol,0,0
2024-11-27,SP2,Levante,Malaga,4,2
2024-11-29,SP2,Oviedo,Huesca,0,3
2024-11-30,SP2,Almeria,Granada,2,1
2024-11-30,SP2,Zaragoza,Albacete,0,1
2024-11-30,SP2,Cadiz,La Coruna,2,4
2024-11-30,SP2,Santander,Mirandes,0,1
2024-11-30,SP2,Tenerife,Elche,1,1
2024-12-01,SP2,Castellon,Malaga,2,0
2024-12-01,SP2,Eldense,Ferrol,0,0
2024-12-01,SP2,Levante,Burgos,3,1
2024-12-01,SP2,Sp Gijon,Cordoba,2,0
2024-12-02,SP2,Eibar,Cartagena,1,0
2024-12-06,SP2,Mirandes,Levante,2,1
2024-12-07,SP2,Elche,Cadiz,2,1
2024-12-07,SP2,Granada,Santander,3,0
2024-12-07,SP2,La Coruna,Zaragoza,1,1
2024-12-07,SP2,Huesca,Eibar,2,1
2024-12-08,SP2,Ferrol,Oviedo,1,5
2024-12-08,SP2,Malaga,Almeria,1,1
2024-12-08,SP2,Albacete,Castellon,0,0
2024-12-08,SP2,Burgos,Eldense,1,0
2024-12-08,SP2,Cordoba,Tenerife,3,0
2024-12-09,SP2,Cartagena,Sp Gijon,1,0
2024-12-13,SP2,Almeria,Mirandes,1,0
2024-12-14,SP2,Levante,Cordoba,2,2
2024-12-14,SP2,Cadiz,Albacete,1,0
2024-12-14,SP2,Castellon,Cartagena,4,1
2024-12-14,SP2,Eibar,Zaragoza,2,1
2024-12-14,SP2,Eldense,Elche,0,0
2024-12-14,SP2,Oviedo,Granada,2,0
2024-12-15,SP2,Sp Gijon,Ferrol,1,3
2024-12-15,SP2,Burgos,Malaga,0,0
2024-12-15,SP2,Santander,Huesca,0,1
2024-12-17,SP2,Albacete,Levante,0,0
2024-12-17,SP2,Granada,Cartagena,4,1
2024-12-17,SP2,Cordoba,Eibar,2,1
2024-12-17,SP2,Zaragoza,Oviedo,2,3
2024-12-18,SP2,Ferrol,Almeria,1,4
2024-12-18,SP2,Malaga,Eldense,3,0
2024-12-18,SP2,Mirandes,Sp Gijon,1,1
2024-12-19,SP2,Cadiz,Burgos,1,1
2024-12-19,SP2,Elche,Santander,3,0
2024-12-19,SP2,Huesca,Tenerife,1,0
2024-12-19,SP2,La Coruna,Castellon,5,1
2024-12-20,SP2,Cartagena,Albacete,0,0
2024-12-21,SP2,Eibar,Granada,1,1
2024-12-21,SP2,Oviedo,Cordoba,2,3
2024-12-21,SP2,Sp Gijon,Malaga,1,3
2024-12-21,SP2,Zaragoza,Ferrol,1,0
2024-12-22,SP2,Burgos,Tenerife,1,0
2024-12-22,SP2,Castellon,Elche,0,2
2024-12-22,SP2,Almeria,Cadiz,1,1
2024-12-22,SP2,Santander,Eldense,2,2
2024-12-22,SP2,La Coruna,Mirandes,0,4
2024-12-22,SP2,Levante,Huesca,1,1
2025-01-07,SP2,Tenerife,Levante,0,3
2025-01-10,SP2,Granada,Burgos,0,0
2025-01-11,SP2,Ferrol,Cartagena,0,0
2025-01-11,SP2,Albacete,Santander,2,2
2025-01-11,SP2,Huesca,Mirandes,1,0
2025-01-11,SP2,Malaga,La Coruna,1,1
2025-01-11,SP2,Tenerife,Castellon,2,0
2025-01-11,SP2,Oviedo,Sp Gijon,1,1
2025-01-12,SP2,Cordoba,Almeria,0,3
2025-01-12,SP2,Cadiz,Levante,0,0
2025-01-12,SP2,Elche,Zaragoza,1,0
2025-01-13,SP2,Eldense,Eibar,1,3
2025-01-17,SP2,Cartagena,Oviedo,0,1
2025-01-18,SP2,Eldense,Cadiz,1,4
2025-01-18,SP2,Eibar,Albacete,1,1
2025-01-18,SP2,Sp Gijon,Elche,1,1
2025-01-18,SP2,Levante,Granada,3,1
2025-01-19,SP2,Burgos,La Coruna,0,1
2025-01-19,SP2,Santander,Ferrol,6,0
2025-01-19,SP2,Castellon,Cordoba,1,2
2025-01-19,SP2,Zaragoza,Tenerife,2,2
2025-01-19,SP2,Almeria,Huesca,0,0
2025-01-20,SP2,Mirandes,Malaga,3,2
2025-01-24,SP2,Elche,Eibar,2,0
2025-01-25,SP2,Cordoba,Santander,1,2
2025-01-25,SP2,Huesca,Cartagena,4,0
2025-01-25,SP2,La Coruna,Levante,1,2
2025-01-25,SP2,Tenerife,Eldense,0,1
2025-01-26,SP2,Granada,Sp Gijon,3,1
2025-01-26,SP2,Albacete,Almeria,2,1
2025-01-26,SP2,Oviedo,Castellon,1,0
2025-01-26,SP2,Malaga,Zaragoza,1,2
2025-01-27,SP2,Cadiz,Mirandes,3,1
2025-01-29,SP2,Tenerife,La Coruna,0,0
2025-01-31,SP2,Eldense,Granada,0,3
2025-02-01,SP2,Mirandes,Elche,3,0
2025-02-01,SP2,Sp Gijon,Burgos,2,0
2025-02-01,SP2,Almeria,Oviedo,1,1
2025-02-01,SP2,Santander,Malaga,2,1
2025-02-02,SP2,Castellon,Huesca,0,1
2025-02-02,SP2,Eibar,La Coruna,0,1
2025-02-02,SP2,Cartagena,Cordoba,0,1
2025-02-02,SP2,Zaragoza,Cadiz,0,0
2025-02-02,SP2,Tenerife,Albacete,3,1
2025-02-03,SP2,Levante,Ferrol,0,1
2025-02-07,SP2,Albacete,Zaragoza,2,1
2025-02-08,SP2,Ferrol,Castellon,1,3
2025-02-08,SP2,Granada,Mirandes,0,0
2025-02-08,SP2,Malaga,Levante,1,1
2025-02-08,SP2,Sp Gijon,Eibar,0,0
2025-02-09,SP2,Elche,Tenerife,2,0
2025-02-09,SP2,Burgos,Santander,2,1
2025-02-09,SP2,Cordoba,Huesca,1,2
2025-02-09,SP2,Cadiz,Cartagena,5,2
2025-02-09,SP2,La Coruna,Almeria,3,1
2025-02-10,SP2,Oviedo,Eldense,0,0
2025-02-14,SP2,Mirandes,Ferrol,4,1
2025-02-15,SP2,Castellon,Eibar,2,0
2025-02-15,SP2,Cartagena,Malaga,0,1
2025-02-15,SP2,Santander,Cadiz,2,3
2025-02-15,SP2,Tenerife,Cordoba,2,3
2025-02-16,SP2,Levante,Sp Gijon,0,0
2025-02-16,SP2,Eldense,La Coruna,2,0
2025-02-16,SP2,Huesca,Granada,1,1
2025-02-16,SP2,Zaragoza,Burgos,0,1
2025-02-16,SP2,Oviedo,Albacete,1,0
2025-02-17,SP2,Almeria,Elche,1,1
2025-02-21,SP2,Malaga,Tenerife,1,0
2025-02-22,SP2,Ferrol,Cordoba,0,1
2025-02-22,SP2,Burgos,Oviedo,1,2
2025-02-22,SP2,Eibar,Santander,2,2
2025-02-22,SP2,Granada,Zaragoza,2,2
2025-02-22,SP2,Sp Gijon,Almeria,1,1
2025-02-23,SP2,La Coruna,Huesca,0,0
2025-02-23,SP2,Elche,Cartagena,2,1
2025-02-23,SP2,Albacete,Eldense,0,1
2025-02-23,SP2,Levante,Mirandes,1,0
2025-02-23,SP2,Cadiz,Castellon,0,0
2025-02-28,SP2,Cartagena,Eibar,0,2
2025-03-01,SP2,Castellon,Burgos,2,1
2025-03-01,SP2,Huesca,Ferrol,3,1
2025-03-01,SP2,Zaragoza,Sp Gijon,1,1
2025-03-01,SP2,Almeria,Malaga,2,2
2025-03-02,SP2,Cordoba,Granada,5,0
2025-03-02,SP2,Oviedo,La Coruna,1,2
2025-03-02,SP2,Albacete,Cadiz,3,0
2025-03-02,SP2,Eldense,Levante,1,2
2025-03-02,SP2,Santander,Elche,2,0
2025-03-03,SP2,Mirandes,Tenerife,2,0
2025-03-05,SP2,Ferrol,Burgos,0,1
2025-03-07,SP2,Eibar,Almeria,1,0
2025-03-07,SP2,La Coruna,Cordoba,1,1
2025-03-08,SP2,Mirandes,Oviedo,1,0
2025-03-08,SP2,Elche,Castellon,3,1
2025-03-08,SP2,Sp Gijon,Santander,1,1
2025-03-08,SP2,Zaragoza,Eldense,2,4
2025-03-09,SP2,Tenerife,Huesca,2,0
2025-03-09,SP2,Malaga,Cadiz,0,2
2025-03-09,SP2,Levante,Cartagena,3,0
2025-03-09,SP2,Granada,Ferrol,3,0
2025-03-10,SP2,Burgos,Albacete,1,0
2025-03-14,SP2,Oviedo,Elche,1,1
2025-03-15,SP2,Ferrol,Eibar,0,0
2025-03-15,SP2,Albacete,Malaga,2,0
2025-03-15,SP2,Cartagena,Burgos,0,1
2025-03-15,SP2,Almeria,Zaragoza,4,1
2025-03-15,SP2,Cordoba,Sp Gijon,1,1
2025-03-16,SP2,Eldense,Mirandes,2,2
2025-03-16,SP2,Huesca,Levante,1,2
2025-03-16,SP2,Santander,Tenerife,2,1
2025-03-16,SP2,Cadiz,Granada,1,0
2025-03-17,SP2,Castellon,La Coruna,2,2
2025-03-21,SP2,Burgos,Almeria,3,1
2025-03-22,SP2,Elche,Eldense,2,0
2025-03-22,SP2,Malaga,Ferrol,2,0
2025-03-22,SP2,Mirandes,Santander,2,1
2025-03-22,SP2,Granada,Oviedo,1,0
2025-03-23,SP2,Levante,Castellon,3,2
2025-03-23,SP2,Eibar,Huesca,2,1
2025-03-23,SP2,Sp Gijon,Albacete,0,2
2025-03-23,SP2,La Coruna,Cartagena,2,2
2025-03-23,SP2,Tenerife,Cadiz,2,1
2025-03-24,SP2,Zaragoza,Cordoba,1,1
2025-03-28,SP2,Tenerife,Granada,2,1
2025-03-29,SP2,Eldense,Burgos,0,0
2025-03-29,SP2,Ferrol,La Coruna,0,1
2025-03-29,SP2,Cartagena,Castellon,2,2
2025-03-29,SP2,Santander,Zaragoza,2,0
2025-03-29,SP2,Almeria,Levante,1,0
2025-03-30,SP2,Cordoba,Elche,1,2
2025-03-30,SP2,Oviedo,Malaga,2,1
2025-03-30,SP2,Albacete,Mirandes,3,2
2025-03-30,SP2,Huesca,Sp Gijon,3,2
2025-03-31,SP2,Cadiz,Eibar,0,0
2025-04-04,SP2,Castellon,Albacete,2,2
2025-04-05,SP2,Eibar,Oviedo,1,1
2025-04-05,SP2,Cartagena,Eldense,0,1
2025-04-05,SP2,Granada,Almeria,3,1
2025-04-05,SP2,Sp Gijon,Tenerife,1,3
2025-04-06,SP2,Zaragoza,Mirandes,1,0
2025-04-06,SP2,Levante,Santander,3,1
2025-04-06,SP2,Burgos,Huesca,2,1
2025-04-06,SP2,Malaga,Cordoba,0,1
2025-04-06,SP2,La Coruna,Cadiz,1,0
2025-04-07,SP2,Elche,Ferrol,1,0
2025-04-11,SP2,Cordoba,Levante,2,2
2025-04-12,SP2,Zaragoza,Eibar,2,2
2025-04-12,SP2,Cadiz,Elche,0,1
2025-04-12,SP2,Tenerife,Burgos,0,0
2025-04-12,SP2,Oviedo,Ferrol,3,0
2025-04-13,SP2,Albacete,Granada,0,2
2025-04-13,SP2,Santander,Castellon,1,1
2025-04-13,SP2,Eldense,Sp Gijon,1,2
2025-04-13,SP2,Mirandes,La Coruna,2,2
2025-04-13,SP2,Almeria,Cartagena,2,1
2025-04-14,SP2,Huesca,Malaga,1,0
2025-04-18,SP2,Sp Gijon,Mirandes,3,1
2025-04-18,SP2,Castellon,Almeria,4,1
2025-04-19,SP2,Ferrol,Eldense,1,0
2025-04-19,SP2,Huesca,Santander,1,3
2025-04-19,SP2,Levante,Zaragoza,5,2
2025-04-19,SP2,Burgos,Cadiz,2,2
2025-04-20,SP2,Cartagena,Granada,2,3
2025-04-20,SP2,Cordoba,Oviedo,0,0
2025-04-20,SP2,Elche,Albacete,2,2
2025-04-20,SP2,La Coruna,Tenerife,0,0
2025-04-21,SP2,Eibar,Malaga,2,2
2025-04-25,SP2,Cadiz,Sp Gijon,1,0
2025-04-26,SP2,Albacete,Cartagena,3,1
2025-04-26,SP2,Eldense,Cordoba,1,1
2025-04-26,SP2,Oviedo,Levante,1,0
2025-04-26,SP2,Granada,Elche,1,1
2025-04-26,SP2,Mirandes,Burgos,2,1
2025-04-27,SP2,Santander,La Coruna,2,1
2025-04-27,SP2,Malaga,Castellon,1,0
2025-04-27,SP2,Tenerife,Eibar,1,1
2025-04-27,SP2,Zaragoza,Huesca,1,1
2025-04-29,SP2,Almeria,Ferrol,2,1
2025-05-02,SP2,Cordoba,Cadiz,4,2
2025-05-03,SP2,Huesca,Oviedo,1,2
2025-05-03,SP2,Eibar,Mirandes,0,1
2025-05-03,SP2,Malaga,Granada,1,0
2025-05-03,SP2,Burgos,Elche,0,1
2025-05-04,SP2,Levante,Tenerife,1,1
2025-05-04,SP2,Ferrol,Zaragoza,1,2
2025-05-04,SP2,Almeria,Eldense,5,0
2025-05-04,SP2,Cartagena,Santander,1,0
2025-05-04,SP2,La Coruna,Albacete,5,1
2025-05-05,SP2,Castellon,Sp Gijon,4,3
2025-05-09,SP2,Cadiz,Almeria,2,1
2025-05-10,SP2,Mirandes,Castellon,3,2
2025-05-10,SP2,Sp Gijon,La Coruna,2,1
2025-05-10,SP2,Burgos,Cordoba,3,2
2025-05-10,SP2,Elche,Levante,1,3
2025-05-10,SP2,Zaragoza,Cartagena,3,2
2025-05-11,SP2,Santander,Oviedo,1,1
2025-05-11,SP2,Albacete,Huesca,3,2
2025-05-11,SP2,Eldense,Malaga,1,0
2025-05-11,SP2,Tenerife,Ferrol,0,0
2025-05-12,SP2,Granada,Eibar,0,2
2025-05-16,SP2,Levante,Albacete,1,0
2025-05-17,SP2,Eibar,Burgos,1,0
2025-05-17,SP2,La Coruna,Granada,2,3
2025-05-17,SP2,Cartagena,Tenerife,1,0
2025-05-17,SP2,Huesca,Elche,2,1
2025-05-17,SP2,Malaga,Sp Gijon,2,1
2025-05-18,SP2,Ferrol,Cadiz,1,0
2025-05-18,SP2,Castellon,Eldense,1,1
2025-05-18,SP2,Oviedo,Zaragoza,1,0
2025-05-18,SP2,Almeria,Santander,2,0
2025-05-19,SP2,Cordoba,Mirandes,1,2
2025-05-24,SP2,Albacete,Ferrol,2,0
2025-05-25,SP2,Burgos,Levante,2,3
2025-05-25,SP2,Cadiz,Huesca,4,0
2025-05-25,SP2,Eibar,Cordoba,4,1
2025-05-25,SP2,Elche,Malaga,2,0
2025-05-25,SP2,Eldense,Santander,3,3
2025-05-25,SP2,Granada,Castellon,2,1
2025-05-25,SP2,Mirandes,Almeria,0,0
2025-05-25,SP2,Sp Gijon,Cartagena,3,2
2025-05-25,SP2,Tenerife,Oviedo,0,1
2025-05-25,SP2,Zaragoza,La Coruna,1,0
2025-05-30,SP2,Castellon,Zaragoza,4,1
2025-05-31,SP2,Ferrol,Sp Gijon,0,2
2025-05-31,SP2,Malaga,Burgos,2,2
2025-06-01,SP2,Almeria,Tenerife,2,0
2025-06-01,SP2,Cartagena,Mirandes,1,3
2025-06-01,SP2,Huesca,Eldense,3,2
2025-06-01,SP2,La Coruna,Elche,0,4
2025-06-01,SP2,Levante,Eibar,1,0
2025-06-01,SP2,Oviedo,Cadiz,2,1
2025-06-01,SP2,Santander,Granada,2,1
2025-06-01,SP2,Cordoba,Albacete,1,1
2025-08-15,SP2,Burgos,Cultural Leonesa,5,1
2025-08-15,SP2,Valladolid,Ceuta,3,0
2025-08-16,SP2,Santander,Castellon,3,1
2025-08-16,SP2,Malaga,Eibar,1,1
2025-08-16,SP2,Granada,La Coruna,1,3
2025-08-17,SP2,Sociedad B,Zaragoza,1,0
2025-08-17,SP2,Cadiz,Mirandes,1,0
2025-08-17,SP2,Huesca,Leganes,1,1
2025-08-17,SP2,Las Palmas,Andorra,1,1
2025-08-18,SP2,Sp Gijon,Cordoba,2,1
2025-08-18,SP2,Almeria,Albacete,4,4
2025-08-22,SP2,Eibar,Granada,3,0
2025-08-22,SP2,Castellon,Valladolid,0,1
2025-08-22,SP2,Leganes,Cadiz,1,1
2025-08-23,SP2,Mirandes,Huesca,0,1
2025-08-23,SP2,Ceuta,Sp Gijon,0,1
2025-08-23,SP2,Zaragoza,Andorra,1,3
2025-08-24,SP2,La Coruna,Burgos,0,0
2025-08-24,SP2,Cultural Leonesa,Almeria,0,1
2025-08-24,SP2,Malaga,Sociedad B,1,0
2025-08-25,SP2,Albacete,Santander,2,3
2025-08-25,SP2,Cordoba,Las Palmas,1,3
2025-08-29,SP2,Sociedad B,Almeria,2,2
2025-08-29,SP2,Sp Gijon,Cultural Leonesa,1,0
2025-08-30,SP2,Santander,Ceuta,4,1
2025-08-30,SP2,Valladolid,Cordoba,0,0
2025-08-30,SP2,Castellon,Zaragoza,1,1
2025-08-31,SP2,Andorra,Burgos,2,1
2025-08-31,SP2,Cadiz,Albacete,2,1
2025-08-31,SP2,Las Palmas,Malaga,0,1
2025-08-31,SP2,Granada,Mirandes,1,2
2025-09-01,SP2,Huesca,Eibar,2,1
2025-09-01,SP2,Leganes,La Coruna,2,2
2025-09-05,SP2,Albacete,Mirandes,1,4
2025-09-05,SP2,Cordoba,Castellon,2,1
2025-09-06,SP2,La Coruna,Sp Gijon,1,0
2025-09-06,SP2,Zaragoza,Valladolid,1,1
2025-09-06,SP2,Malaga,Granada,2,2
2025-09-07,SP2,Ceuta,Huesca,2,1
2025-09-07,SP2,Burgos,Las Palmas,0,0
2025-09-07,SP2,Sociedad B,Cadiz,3,3
2025-09-07,SP2,Almeria,Santander,2,3
2025-09-07,SP2,Cultural Leonesa,Leganes,0,0
2025-09-08,SP2,Eibar,Andorra,2,0
2025-09-12,SP2,Las Palmas,Sociedad B,2,1
2025-09-13,SP2,Cadiz,Eibar,1,0
2025-09-13,SP2,Mirandes,La Coruna,1,5
2025-09-13,SP2,Huesca,Malaga,1,0
2025-09-13,SP2,Valladolid,Almeria,3,1
2025-09-14,SP2,Andorra,Cordoba,3,1
2025-09-14,SP2,Santander,Cultural Leonesa,2,4
2025-09-14,SP2,Castellon,Ceuta,3,3
2025-09-14,SP2,Sp Gijon,Burgos,2,3
2025-09-14,SP2,Granada,Leganes,0,2
2025-09-15,SP2,Zaragoza,Albacete,0,0
2025-09-19,SP2,La Coruna,Huesca,4,0
2025-09-20,SP2,Cultural Leonesa,Castellon,1,3
2025-09-20,SP2,Andorra,Mirandes,1,1
2025-09-20,SP2,Leganes,Las Palmas,0,1
2025-09-20,SP2,Almeria,Sp Gijon,2,1
2025-09-21,SP2,Ceuta,Zaragoza,1,0
2025-09-21,SP2,Albacete,Valladolid,2,0
2025-09-21,SP2,Eibar,Sociedad B,2,1
2025-09-21,SP2,Malaga,Cadiz,0,1
2025-09-21,SP2,Cordoba,Santander,2,2
2025-09-22,SP2,Burgos,Granada,1,1
2025-09-26,SP2,Mirandes,Zaragoza,0,1
2025-09-27,SP2,Eibar,La Coruna,1,1
2025-09-27,SP2,Santander,Andorra,1,2
2025-09-27,SP2,Las Palmas,Almeria,0,1
2025-09-28,SP2,Sociedad B,Cordoba,1,1
2025-09-28,SP2,Burgos,Malaga,2,1
2025-09-28,SP2,Cadiz,Ceuta,0,0
2025-09-28,SP2,Sp Gijon,Albacete,3,4
2025-09-28,SP2,Valladolid,Cultural Leonesa,0,1
2025-09-28,SP2,Huesca,Granada,0,1
2025-09-29,SP2,Leganes,Castellon,0,1
2025-10-03,SP2,Ceuta,Eibar,1,0
2025-10-04,SP2,La Coruna,Almeria,1,1
2025-10-04,SP2,Andorra,Leganes,1,2
2025-10-04,SP2,Huesca,Burgos,2,1
2025-10-04,SP2,Granada,Sociedad B,5,2
2025-10-05,SP2,Zaragoza,Cordoba,0,1
2025-10-05,SP2,Castellon,Sp Gijon,3,1
2025-10-05,SP2,Santander,Malaga,3,0
2025-10-05,SP2,Valladolid,Mirandes,1,1
2025-10-05,SP2,Las Palmas,Cadiz,1,0
2025-10-06,SP2,Cultural Leonesa,Albacete,0,0
2025-10-10,SP2,Granada,Las Palmas,0,0
2025-10-11,SP2,Mirandes,Leganes,0,0
2025-10-11,SP2,Almeria,Zaragoza,4,2
2025-10-11,SP2,Sociedad B,Andorra,3,0
2025-10-12,SP2,Albacete,Ceuta,0,0
2025-10-12,SP2,Eibar,Castellon,0,0
2025-10-12,SP2,Sp Gijon,Santander,2,1
2025-10-12,SP2,Burgos,Valladolid,0,1
2025-10-12,SP2,Cadiz,Huesca,1,0
2025-10-12,SP2,Malaga,La Coruna,3,0
2025-10-13,SP2,Cordoba,Cultural Leonesa,1,0
2025-10-17,SP2,Andorra,Granada,0,0
2025-10-18,SP2,Ceuta,Mirandes,2,0
2025-10-18,SP2,Zaragoza,Cultural Leonesa,0,5
2025-10-19,SP2,Leganes,Malaga,2,0
2025-10-19,SP2,Castellon,Albacete,0,1
2025-10-19,SP2,Valladolid,Sp Gijon,2,3
2025-10-19,SP2,Cordoba,Almeria,1,1
2025-10-19,SP2,Santander,La Coruna,2,1
2025-10-19,SP2,Las Palmas,Eibar,3,1
2025-10-20,SP2,Cadiz,Burgos,1,3
2025-10-24,SP2,Huesca,Las Palmas,1,1
2025-10-25,SP2,Cultural Leonesa,Ceuta,0,1
2025-10-25,SP2,Albacete,Cordoba,1,3
2025-10-25,SP2,Eibar,Leganes,0,0
2025-10-25,SP2,Burgos,Sociedad B,1,0
2025-10-25,SP2,Granada,Cadiz,0,0
2025-10-25,SP2,Mirandes,Santander,1,3
2025-10-26,SP2,Malaga,Andorra,4,1
2025-10-26,SP2,Almeria,Castellon,1,0
2025-10-26,SP2,Sp Gijon,Zaragoza,1,0
2025-10-26,SP2,La Coruna,Valladolid,1,1
2025-10-31,SP2,Santander,Sociedad B,1,0
2025-11-01,SP2,Cultural Leonesa,Mirandes,3,2
2025-11-01,SP2,Albacete,Huesca,2,1
2025-11-01,SP2,Leganes,Burgos,1,2
2025-11-01,SP2,Almeria,Eibar,3,1
2025-11-02,SP2,Andorra,Cadiz,0,0
2025-11-02,SP2,Cordoba,Ceuta,2,0
2025-11-02,SP2,Sp Gijon,Las Palmas,0,0
2025-11-02,SP2,Castellon,Malaga,2,1
2025-11-02,SP2,Zaragoza,La Coruna,0,2
2025-11-03,SP2,Valladolid,Granada,2,1
2025-11-05,SP2,Sociedad B,Huesca,2,0
2025-11-07,SP2,Mirandes,Sp Gijon,2,1
2025-11-08,SP2,Sociedad B,Leganes,2,1
2025-11-08,SP2,Eibar,Albacete,3,2
2025-11-08,SP2,Huesca,Andorra,2,2
2025-11-08,SP2,La Coruna,Cultural Leonesa,3,0
2025-11-08,SP2,Malaga,Cordoba,2,2
2025-11-09,SP2,Las Palmas,Santander,3,1
2025-11-09,SP2,Granada,Zaragoza,3,1
2025-11-09,SP2,Cadiz,Valladolid,0,0
2025-11-10,SP2,Burgos,Castellon,0,0
2025-11-14,SP2,Valladolid,Las Palmas,0,1
2025-11-15,SP2,Albacete,Andorra,1,0
2025-11-15,SP2,Castellon,Sociedad B,5,4
2025-11-15,SP2,Santander,Granada,2,2
2025-11-16,SP2,Ceuta,Leganes,1,2
2025-11-16,SP2,Almeria,Cadiz,3,0
2025-11-16,SP2,Sp Gijon,Eibar,1,1
2025-11-16,SP2,Cordoba,La Coruna,1,3
2025-11-16,SP2,Mirandes,Burgos,0,2
2025-11-16,SP2,Zaragoza,Huesca,1,0
2025-11-17,SP2,Cultural Leonesa,Malaga,1,0
2025-11-21,SP2,Las Palmas,Albacete,2,1
2025-11-22,SP2,Andorra,Castellon,1,3
2025-11-22,SP2,Eibar,Zaragoza,1,2
2025-11-22,SP2,Leganes,Almeria,0,3
2025-11-22,SP2,Granada,Cordoba,1,1
2025-11-23,SP2,La Coruna,Ceuta,2,1
2025-11-23,SP2,Cadiz,Cultural Leonesa,1,2
2025-11-23,SP2,Huesca,Sp Gijon,2,0
2025-11-23,SP2,Burgos,Santander,0,2
2025-11-23,SP2,Malaga,Mirandes,3,2
2025-11-24,SP2,Sociedad B,Valladolid,1,0
2025-11-26,SP2,Ceuta,Almeria,3,2
2025-11-28,SP2,Sp Gijon,Andorra,1,1
2025-11-29,SP2,Ceuta,Burgos,1,0
2025-11-29,SP2,Cultural Leonesa,Granada,0,1
2025-11-29,SP2,Albacete,La Coruna,0,2
2025-11-29,SP2,Almeria,Huesca,0,0
2025-11-29,SP2,Valladolid,Malaga,1,1
2025-11-30,SP2,Zaragoza,Leganes,3,2
2025-11-30,SP2,Santander,Eibar,4,0
2025-11-30,SP2,Cordoba,Cadiz,1,2
2025-11-30,SP2,Mirandes,Sociedad B,1,0
2025-11-30,SP2,Castellon,Las Palmas,1,0
2025-12-06,SP2,Andorra,Almeria,1,2
2025-12-06,SP2,Huesca,Valladolid,1,4
2025-12-06,SP2,Sociedad B,Sp Gijon,0,1
2025-12-07,SP2,Cadiz,Santander,2,3
2025-12-07,SP2,Leganes,Cordoba,0,0
2025-12-07,SP2,Eibar,Cultural Leonesa,1,2
2025-12-07,SP2,La Coruna,Castellon,1,3
2025-12-07,SP2,Granada,Ceuta,1,1
2025-12-08,SP2,Burgos,Albacete,0,1
2025-12-08,SP2,Las Palmas,Mirandes,0,0
2025-12-08,SP2,Malaga,Zaragoza,1,1
2025-12-12,SP2,Cultural Leonesa,Huesca,0,2
2025-12-13,SP2,Cordoba,Eibar,0,0
2025-12-13,SP2,Sp Gijon,Granada,1,0
2025-12-13,SP2,Valladolid,Andorra,0,1
2025-12-13,SP2,Santander,Leganes,1,1
2025-12-13,SP2,La Coruna,Sociedad B,0,3
2025-12-13,SP2,Zaragoza,Cadiz,1,2
2025-12-14,SP2,Albacete,Malaga,1,3
2025-12-14,SP2,Almeria,Burgos,1,2
2025-12-14,SP2,Ceuta,Las Palmas,1,1
2025-12-15,SP2,Castellon,Mirandes,3,1
2025-12-19,SP2,Eibar,Valladolid,3,0
2025-12-20,SP2,Andorra,La Coruna,1,0
2025-12-20,SP2,Huesca,Santander,1,1
2025-12-20,SP2,Leganes,Sp Gijon,0,1
2025-12-20,SP2,Las Palmas,Cultural Leonesa,4,0
2025-12-21,SP2,Malaga,Almeria,2,1
2025-12-21,SP2,Mirandes,Cordoba,1,2
2025-12-21,SP2,Sociedad B,Ceuta,1,3
2025-12-21,SP2,Burgos,Zaragoza,1,1
2025-12-21,SP2,Granada,Albacete,1,1
2025-12-21,SP2,Cadiz,Castellon,2,0
2026-01-02,SP2,Eibar,Mirandes,2,1
2026-01-03,SP2,Cultural Leonesa,Sociedad B,1,1
2026-01-03,SP2,Almeria,Granada,3,2
2026-01-03,SP2,Castellon,Huesca,4,1
2026-01-03,SP2,Valladolid,Santander,1,1
2026-01-03,SP2,Cordoba,Burgos,2,0
2026-01-04,SP2,Sp Gijon,Malaga,1,3
2026-01-04,SP2,Ceuta,Andorra,2,1
2026-01-04,SP2,Albacete,Leganes,1,3
2026-01-04,SP2,Zaragoza,Las Palmas,1,2
2026-01-04,SP2,La Coruna,Cadiz,2,2
2026-01-09,SP2,Cadiz,Sp Gijon,3,2
2026-01-10,SP2,Mirandes,Almeria,2,2
2026-01-10,SP2,Sociedad B,Albacete,0,0
2026-01-10,SP2,Andorra,Cultural Leonesa,1,1
2026-01-10,SP2,Burgos,Eibar,1,0
2026-01-10,SP2,Las Palmas,La Coruna,1,1
2026-01-10,SP2,Santander,Zaragoza,2,3
2026-01-11,SP2,Leganes,Valladolid,3,0
2026-01-11,SP2,Granada,Castellon,0,0
2026-01-11,SP2,Malaga,Ceuta,2,1
2026-01-12,SP2,Huesca,Cordoba,1,2
2026-01-16,SP2,Castellon,Leganes,2,0
2026-01-17,SP2,Ceuta,Valladolid,0,3
2026-01-17,SP2,Cultural Leonesa,Sp Gijon,2,4
2026-01-17,SP2,Zaragoza,Sociedad B,1,1
2026-01-17,SP2,Almeria,La Coruna,1,2
2026-01-18,SP2,Mirandes,Andorra,1,2
2026-01-18,SP2,Santander,Las Palmas,4,1
2026-01-18,SP2,Albacete,Cadiz,1,0
2026-01-18,SP2,Burgos,Huesca,1,0
2026-01-18,SP2,Cordoba,Malaga,0,1
2026-01-19,SP2,Granada,Eibar,0,0
2026-01-23,SP2,Malaga,Burgos,3,0
2026-01-24,SP2,Valladolid,Albacete,0,1
2026-01-24,SP2,Leganes,Sociedad B,2,0
2026-01-24,SP2,Las Palmas,Cordoba,1,2
2026-01-24,SP2,Sp Gijon,Mirandes,3,0
2026-01-24,SP2,Cadiz,Granada,1,2
2026-01-25,SP2,Andorra,Huesca,1,1
2026-01-25,SP2,Eibar,Almeria,1,0
2026-01-25,SP2,Zaragoza,Castellon,0,0
2026-01-25,SP2,La Coruna,Santander,0,1
2026-01-26,SP2,Ceuta,Cultural Leonesa,3,1
2026-01-30,SP2,Sociedad B,Las Palmas,1,1
2026-01-31,SP2,Albacete,Zaragoza,2,0
2026-01-31,SP2,Burgos,Leganes,2,1
2026-01-31,SP2,Cultural Leonesa,La Coruna,0,1
2026-01-31,SP2,Cordoba,Valladolid,3,1
2026-02-01,SP2,Almeria,Ceuta,4,2
2026-02-01,SP2,Eibar,Sp Gijon,1,0
2026-02-01,SP2,Castellon,Andorra,2,0
2026-02-01,SP2,Huesca,Cadiz,1,0
2026-02-01,SP2,Granada,Santander,1,0
2026-02-02,SP2,Mirandes,Malaga,2,1
2026-02-06,SP2,Leganes,Granada,1,0
2026-02-07,SP2,Andorra,Sociedad B,1,2
2026-02-07,SP2,Las Palmas,Burgos,0,0
2026-02-07,SP2,Zaragoza,Eibar,1,1
2026-02-08,SP2,Valladolid,Castellon,0,4
2026-02-08,SP2,Cadiz,Almeria,1,2
2026-02-08,SP2,La Coruna,Albacete,2,1
2026-02-08,SP2,Sp Gijon,Huesca,2,1
2026-02-08,SP2,Malaga,Cultural Leonesa,2,1
2026-02-09,SP2,Santander,Mirandes,1,0
2026-02-13,SP2,Almeria,Andorra,3,2
2026-02-14,SP2,Cordoba,Leganes,2,1
2026-02-14,SP2,Burgos,Cadiz,1,1
2026-02-14,SP2,Cultural Leonesa,Zaragoza,0,0
2026-02-14,SP2,Granada,Valladolid,5,1
2026-02-15,SP2,Mirandes,Las Palmas,1,1
2026-02-15,SP2,Eibar,Santander,2,1
2026-02-15,SP2,Huesca,Ceuta,2,0
2026-02-15,SP2,Albacete,Sp Gijon,1,1
2026-02-15,SP2,Castellon,La Coruna,2,0
2026-02-16,SP2,Sociedad B,Malaga,2,1
2026-02-20,SP2,Ceuta,Granada,2,1
2026-02-21,SP2,Leganes,Cultural Leonesa,1,1
2026-02-21,SP2,Huesca,Mirandes,1,2
2026-02-21,SP2,La Coruna,Eibar,1,0
2026-02-21,SP2,Almeria,Cordoba,2,1
2026-02-21,SP2,Las Palmas,Castellon,1,1
2026-02-22,SP2,Sp Gijon,Valladolid,2,2
2026-02-22,SP2,Andorra,Zaragoza,2,1
2026-02-22,SP2,Santander,Burgos,1,0
2026-02-22,SP2,Malaga,Albacete,1,0
2026-02-23,SP2,Cadiz,Sociedad B,0,2
2026-02-25,SP2,Ceuta,Cordoba,3,2
2026-02-27,SP2,Albacete,Almeria,1,1
2026-02-28,SP2,Zaragoza,Burgos,0,1
2026-02-28,SP2,Granada,Malaga,0,1
2026-02-28,SP2,Valladolid,Huesca,1,0
2026-02-28,SP2,Castellon,Santander,1,3
2026-03-01,SP2,Sociedad B,La Coruna,2,3
2026-03-01,SP2,Mirandes,Ceuta,0,1
2026-03-01,SP2,Cultural Leonesa,Las Palmas,0,3
2026-03-01,SP2,Eibar,Cadiz,3,1
2026-03-02,SP2,Sp Gijon,Leganes,0,0
2026-03-02,SP2,Cordoba,Andorra,1,4
2026-03-06,SP2,Cadiz,Zaragoza,0,1
2026-03-07,SP2,Huesca,Albacete,0,0
2026-03-07,SP2,Sociedad B,Castellon,4,2
2026-03-07,SP2,Burgos,Mirandes,2,0
2026-03-07,SP2,Malaga,Valladolid,3,3
2026-03-08,SP2,Las Palmas,Ceuta,4,0
2026-03-08,SP2,Andorra,Sp Gijon,1,0
2026-03-08,SP2,Leganes,Eibar,0,1
2026-03-08,SP2,Santander,Cordoba,4,3
2026-03-08,SP2,La Coruna,Granada,0,2
2026-03-09,SP2,Almeria,Cultural Leonesa,3,0
2026-03-13,SP2,Mirandes,Cadiz,0,2
2026-03-14,SP2,Cultural Leonesa,Santander,1,2
2026-03-14,SP2,Valladolid,Leganes,3,2
2026-03-14,SP2,Zaragoza,Almeria,2,0
2026-03-14,SP2,Ceuta,La Coruna,1,2
2026-03-15,SP2,Cordoba,Sociedad B,0,2
2026-03-15,SP2,Granada,Andorra,1,1
2026-03-15,SP2,Eibar,Burgos,0,0
2026-03-15,SP2,Malaga,Huesca,5,3
2026-03-15,SP2,Sp Gijon,Castellon,4,1
2026-03-16,SP2,Albacete,Las Palmas,2,1
2026-03-20,SP2,Huesca,Almeria,1,3
2026-03-21,SP2,Leganes,Ceuta,5,2
2026-03-21,SP2,Andorra,Eibar,0,1
2026-03-21,SP2,Santander,Albacete,0,4
2026-03-21,SP2,Cadiz,Malaga,0,3
2026-03-21,SP2,La Coruna,Zaragoza,2,1
2026-03-22,SP2,Burgos,Cordoba,4,0
2026-03-22,SP2,Mirandes,Valladolid,2,1
2026-03-22,SP2,Sociedad B,Granada,0,2
2026-03-22,SP2,Las Palmas,Sp Gijon,1,0
2026-03-23,SP2,Castellon,Cultural Leonesa,1,1
2026-03-27,SP2,Cordoba,Mirandes,2,2
2026-03-28,SP2,Ceuta,Cadiz,2,1
2026-03-28,SP2,Granada,Huesca,4,2
2026-03-28,SP2,Valladolid,Burgos,0,1
2026-03-28,SP2,Malaga,Leganes,0,0
2026-03-28,SP2,Albacete,Castellon,1,1
2026-03-28,SP2,Sp Gijon,La Coruna,1,1
2026-03-29,SP2,Eibar,Las Palmas,3,1
2026-03-29,SP2,Cultural Leonesa,Andorra,0,4
2026-03-29,SP2,Zaragoza,Santander,2,0
2026-03-29,SP2,Almeria,Sociedad B,5,1
2026-03-31,SP2,Mirandes,Albacete,1,1
2026-03-31,SP2,La Coruna,Cordoba,2,0
2026-03-31,SP2,Valladolid,Cadiz,3,0
2026-04-01,SP2,Andorra,Malaga,3,3
2026-04-01,SP2,Burgos,Ceuta,1,1
2026-04-01,SP2,Huesca,Cultural Leonesa,1,1
2026-04-01,SP2,Santander,Sp Gijon,3,1
2026-04-02,SP2,Las Palmas,Granada,2,0
2026-04-02,SP2,Castellon,Almeria,2,0
2026-04-02,SP2,Sociedad B,Eibar,0,1
2026-04-02,SP2,Leganes,Zaragoza,1,1
2026-04-04,SP2,Cadiz,Cordoba,1,3
2026-04-04,SP2,Albacete,Burgos,2,3
2026-04-04,SP2,Cultural Leonesa,Valladolid,1,0
2026-04-04,SP2,La Coruna,Malaga,1,1
2026-04-05,SP2,Eibar,Ceuta,3,0
2026-04-05,SP2,Andorra,Santander,6,2
2026-04-05,SP2,Almeria,Leganes,2,1
2026-04-05,SP2,Las Palmas,Huesca,2,1
2026-04-05,SP2,Zaragoza,Mirandes,1,2
2026-04-06,SP2,Castellon,Granada,3,2
2026-04-06,SP2,Sp Gijon,Sociedad B,1,0
2026-04-10,SP2,Ceuta,Sociedad B,0,0
2026-04-11,SP2,Burgos,Sp Gijon,1,0
2026-04-11,SP2,Leganes,Albacete,2,1
2026-04-11,SP2,Malaga,Las Palmas,2,0
2026-04-11,SP2,Cordoba,Zaragoza,1,0
2026-04-12,SP2,Granada,Cultural Leonesa,1,0
2026-04-12,SP2,Huesca,La Coruna,1,1
2026-04-12,SP2,Cadiz,Andorra,0,1
2026-04-12,SP2,Mirandes,Castellon,2,2
2026-04-12,SP2,Santander,Almeria,5,1
2026-04-13,SP2,Valladolid,Eibar,0,0
2026-04-17,SP2,Sociedad B,Santander,1,3
2026-04-17,SP2,Las Palmas,Leganes,2,0
2026-04-18,SP2,Zaragoza,Ceuta,2,2
2026-04-18,SP2,Castellon,Burgos,3,1
2026-04-18,SP2,Cultural Leonesa,Cordoba,1,2
2026-04-19,SP2,Andorra,Valladolid,1,0
2026-04-19,SP2,Sp Gijon,Cadiz,3,0
2026-04-19,SP2,Albacete,Granada,4,1
2026-04-19,SP2,Eibar,Huesca,2,1
2026-04-19,SP2,Almeria,Malaga,3,2
2026-04-20,SP2,La Coruna,Mirandes,3,1
2026-04-24,SP2,Albacete,Eibar,0,3
2026-04-25,SP2,Valladolid,Sociedad B,1,0
2026-04-25,SP2,Burgos,La Coruna,1,1
2026-04-25,SP2,Malaga,Castellon,2,3
2026-04-26,SP2,Cordoba,Sp Gijon,3,2
2026-04-26,SP2,Granada,Almeria,2,4
2026-04-26,SP2,Mirandes,Cultural Leonesa,2,1
2026-04-26,SP2,Huesca,Zaragoza,1,0
2026-04-26,SP2,Leganes,Andorra,0,4
2026-04-26,SP2,Ceuta,Santander,0,0
2026-04-27,SP2,Cadiz,Las Palmas,1,2
2026-05-01,SP2,Andorra,Albacete,0,1
2026-05-01,SP2,La Coruna,Leganes,2,1
2026-05-01,SP2,Zaragoza,Granada,0,1
2026-05-02,SP2,Cultural Leonesa,Cadiz,2,2
2026-05-02,SP2,Castellon,Cordoba,1,2
2026-05-02,SP2,Eibar,Malaga,2,4
2026-05-03,SP2,Santander,Huesca,4,2
2026-05-03,SP2,Sp Gijon,Ceuta,1,2
2026-05-03,SP2,Sociedad B,Burgos,0,0
2026-05-03,SP2,Las Palmas,Valladolid,2,1
2026-05-04,SP2,Almeria,Mirandes,4,2
2026-05-08,SP2,Cadiz,La Coruna,0,1
2026-05-09,SP2,Ceuta,Castellon,1,1
2026-05-09,SP2,Albacete,Cultural Leonesa,2,1
2026-05-09,SP2,Burgos,Almeria,0,0
2026-05-09,SP2,Valladolid,Zaragoza,2,0
2026-05-09,SP2,Malaga,Sp Gijon,2,1
2026-05-10,SP2,Andorra,Las Palmas,5,1
2026-05-10,SP2,Leganes,Santander,1,2
2026-05-10,SP2,Cordoba,Granada,1,0
2026-05-10,SP2,Mirandes,Eibar,0,1
2026-05-11,SP2,Huesca,Sociedad B,1,2
2026-05-15,SP2,Castellon,Cadiz,1,1
2026-05-15,SP2,Cordoba,Albacete,1,2
2026-05-16,SP2,Sociedad B,Mirandes,2,2
2026-05-16,SP2,Ceuta,Malaga,1,4
2026-05-16,SP2,Cultural Leonesa,Eibar,2,1
2026-05-16,SP2,Almeria,Las Palmas,1,2
2026-05-16,SP2,Granada,Burgos,0,1
2026-05-16,SP2,Santander,Valladolid,4,1
2026-05-17,SP2,La Coruna,Andorra,2,1
2026-05-17,SP2,Zaragoza,Sp Gijon,1,3
2026-05-18,SP2,Leganes,Huesca,0,0
2026-05-24,SP2,Albacete,Sociedad B,3,1
2026-05-24,SP2,Andorra,Ceuta,0,2
2026-05-24,SP2,Cadiz,Leganes,3,0
2026-05-24,SP2,Cultural Leonesa,Burgos,0,2
2026-05-24,SP2,Eibar,Cordoba,2,0
2026-05-24,SP2,Huesca,Castellon,0,1
2026-05-24,SP2,Las Palmas,Zaragoza,1,1
2026-05-24,SP2,Malaga,Santander,1,1
2026-05-24,SP2,Mirandes,Granada,3,1
2026-05-24,SP2,Sp Gijon,Almeria,3,1
2026-05-24,SP2,Valladolid,La Coruna,0,2
2026-05-30,SP2,Ceuta,Albacete,1,0
2026-05-30,SP2,Sociedad B,Cultural Leonesa,1,1
2026-05-30,SP2,Granada,Sp Gijon,1,2
2026-05-31,SP2,Almeria,Valladolid,1,0
2026-05-31,SP2,Burgos,Andorra,1,0
2026-05-31,SP2,Castellon,Eibar,2,1
2026-05-31,SP2,La Coruna,Las Palmas,1,2
2026-05-31,SP2,Santander,Cadiz,4,1
2026-05-31,SP2,Zaragoza,Malaga,0,2
2026-05-31,SP2,Cordoba,Huesca,1,1
2026-05-31,SP2,Leganes,Mirandes,1,0
2026-08-01,SP2,Alloa,East Fife,0,0
2026-08-01,SP2,Cove Rangers,Airdrie Utd,0,0
2026-08-01,SP2,East Kilbride,Queen of Sth,5,1
2026-08-01,SP2,Montrose,Hamilton,0,5
2026-08-01,SP2,Peterhead,Ross County,0,1
